Rk,Player,Pos,Age,Tm,G,GS,MP,FG,FGA,3P,3PA,2P,2PA,FT,FTA,ORB,DRB,TRB,AST,STL,BLK,TOV,PF,PS/G??
1,Stephen Curry,PG,27,GSW,79,79,34.2,10.2,20.2,5.1,11.2,5.1,9,4.6,5.1,0.9,4.6,5.4,6.7,2.1,0.2,3.3,2,30.1
2,James Harden,SG,26,HOU,82,82,38.1,8.7,19.7,2.9,8,5.8,11.7,8.8,10.2,0.8,5.3,6.1,7.5,1.7,0.6,4.6,2.8,29
3,Kevin Durant,SF,27,OKC,72,72,35.8,9.7,19.2,2.6,6.7,7.1,12.5,6.2,6.9,0.6,7.6,8.2,5,1,1.2,3.5,1.9,28.2
4,DeMarcus Cousins,C,25,SAC,65,65,34.6,9.2,20.5,1.1,3.2,8.2,17.3,7.3,10.2,2.4,9.1,11.5,3.3,1.6,1.4,3.8,3.6,26.9
5,LeBron James,SF,31,CLE,76,76,35.6,9.7,18.6,1.1,3.7,8.6,14.9,4.7,6.5,1.5,6,7.4,6.8,1.4,0.6,3.3,1.9,25.3
6,Damian Lillard,PG,25,POR,75,75,35.7,8.2,19.7,3.1,8.1,5.2,11.5,5.5,6.2,0.6,3.4,4,6.8,0.9,0.4,3.2,2.2,25.1
7,Anthony Davis,PF,22,NOP,61,61,35.5,9.2,18.6,0.6,1.8,8.6,16.9,5.3,7,2.1,8.1,10.3,1.9,1.3,2,2,2.4,24.3
8,DeMar DeRozan,SG,26,TOR,78,78,35.9,7.9,17.7,0.6,1.8,7.3,15.9,7.1,8.4,0.8,3.7,4.5,4,1,0.3,2.2,2.1,23.5
9,Russell Westbrook,PG,27,OKC,80,80,34.4,8.2,18.1,1.3,4.3,6.9,13.8,5.8,7.2,1.8,6,7.8,10.4,2,0.3,4.3,2.5,23.5
10,Paul George,SF,25,IND,81,81,34.8,7.5,17.9,2.6,7,4.9,10.9,5.6,6.5,1,6,7,4.1,1.9,0.4,3.3,2.8,23.1
11,Isaiah Thomas,PG,26,BOS,82,79,32.2,7.2,16.9,2,5.7,5.2,11.2,5.8,6.6,0.6,2.4,3,6.2,1.1,0.1,2.7,2,22.2
12,Klay Thompson,SG,25,GSW,80,80,33.3,8.1,17.3,3.5,8.1,4.7,9.2,2.4,2.8,0.4,3.4,3.8,2.1,0.8,0.6,1.7,1.9,22.1
13,Carmelo Anthony,SF,31,NYK,72,72,35.1,7.9,18.2,1.5,4.3,6.4,13.8,4.6,5.6,1.4,6.4,7.7,4.2,0.9,0.5,2.4,2.5,21.8
14,Blake Griffin,PF,26,LAC,35,35,33.4,8.6,17.2,0.2,0.5,8.4,16.7,4,5.5,1.5,6.9,8.4,4.9,0.8,0.5,2.4,2.7,21.4
15,Kawhi Leonard,SF,24,SAS,72,72,33.1,7.7,15.1,1.8,4,5.9,11.1,4.1,4.6,1.3,5.5,6.8,2.6,1.8,1,1.5,1.8,21.2
16,Kyle Lowry,PG,29,TOR,77,77,37,6.6,15.6,2.8,7.1,3.9,8.5,5.2,6.4,0.7,4,4.7,6.4,2.1,0.4,2.9,2.7,21.2
17,Jimmy Butler,SG,26,CHI,67,67,36.9,7,15.4,1,3.1,6.1,12.4,5.9,7.1,1.2,4.2,5.3,4.8,1.6,0.6,2,1.9,20.9
18,Kemba Walker,PG,25,CHO,81,81,35.6,7,16.4,2.2,6,4.8,10.4,4.6,5.4,0.7,3.7,4.4,5.2,1.6,0.5,2.1,1.4,20.9
19,C.J. McCollum,SG,24,POR,80,80,34.8,8,17.9,2.5,5.9,5.6,12,2.3,2.8,0.6,2.7,3.2,4.3,1.2,0.3,2.5,2.3,20.8
20,Andrew Wiggins,SF,20,MIN,81,81,35.1,7.3,16,0.7,2.3,6.6,13.6,5.3,7,1.3,2.3,3.6,2,1,0.6,2.2,2,20.7
21,Brook Lopez,C,27,BRK,73,73,33.7,8.1,15.8,0,0.2,8.1,15.7,4.3,5.5,2.8,5.1,7.8,2,0.8,1.7,2.4,2.9,20.6
22,Eric Bledsoe,PG,26,PHO,31,31,34.2,7.2,15.9,1.5,4.2,5.6,11.7,4.5,5.5,0.6,3.5,4,6.1,2,0.6,3.5,2.4,20.4
23,John Wall,PG,25,WAS,77,77,36.2,7.4,17.5,1.5,4.3,5.9,13.3,3.5,4.5,0.5,4.4,4.9,10.2,1.9,0.8,4.1,2.1,19.9
24,Gordon Hayward,SF,25,UTA,80,80,36.2,6.5,15,1.8,5.1,4.7,9.9,4.9,6,0.8,4.2,5,3.7,1.2,0.3,2.5,2.3,19.7
25,Kyrie Irving,PG,23,CLE,53,53,31.5,7.4,16.6,1.6,4.9,5.8,11.6,3.2,3.6,0.8,2.1,3,4.7,1.1,0.3,2.3,2,19.6
26,Brandon Knight,SG,24,PHO,52,50,36,7.1,17.2,2.3,6.8,4.8,10.5,3,3.5,0.7,3.2,3.9,5.1,1.2,0.4,3.4,2.4,19.6
27,Danilo Gallinari,SF,27,DEN,53,53,34.7,5.4,13.2,1.6,4.5,3.8,8.7,7.1,8.2,1,4.3,5.3,2.5,0.8,0.4,1.5,1.6,19.5
28,Chris Paul,PG,30,LAC,74,74,32.7,7,15.1,1.6,4.4,5.3,10.6,4,4.4,0.5,3.7,4.2,10,2.1,0.2,2.6,2.5,19.5
29,Chris Bosh,PF,31,MIA,53,53,33.5,6.8,14.5,1.5,4.2,5.2,10.3,4,5.1,0.9,6.5,7.4,2.4,0.7,0.6,1.5,1.9,19.1
30,Dwyane Wade,SG,34,MIA,74,73,30.5,7.3,16,0.1,0.6,7.2,15.4,4.4,5.5,1.1,3,4.1,4.6,1.1,0.6,2.7,1.6,19
31,Reggie Jackson,PG,25,DET,79,79,30.7,6.8,15.7,1.5,4.2,5.3,11.5,3.7,4.3,0.7,2.5,3.2,6.2,0.7,0.1,2.8,2.4,18.8
32,Dirk Nowitzki,PF,37,DAL,75,75,31.5,6.6,14.8,1.7,4.6,5,10.3,3.3,3.7,0.7,5.8,6.5,1.8,0.7,0.7,1.1,2.1,18.3
33,Karl-Anthony Towns,C,20,MIN,82,82,32,7.6,14.1,0.4,1.1,7.3,13,2.7,3.4,2.8,7.7,10.5,2,0.7,1.7,2.2,3,18.3
34,Khris Middleton,SG,24,MIL,79,79,36.1,6.4,14.5,1.8,4.6,4.6,9.9,3.5,3.9,0.6,3.3,3.8,4.2,1.7,0.2,2.3,2.6,18.2
35,Nikola Vucevic,C,25,ORL,65,60,31.3,8.2,16.1,0,0.1,8.2,16,1.7,2.3,2.7,6.2,8.9,2.8,0.8,1.1,1.9,2.7,18.2
36,LaMarcus Aldridge,PF,30,SAS,74,74,30.6,7.2,14.1,0,0.2,7.2,13.9,3.5,4.1,2.4,6.2,8.5,1.5,0.5,1.1,1.3,2,18
37,Kobe Bryant,SF,37,LAL,66,66,28.2,6,16.9,2,7.1,4,9.8,3.5,4.3,0.6,3.1,3.7,2.8,0.9,0.2,2,1.7,17.6
38,Jahlil Okafor,C,20,PHI,53,48,30,7.5,14.7,0,0.1,7.5,14.6,2.5,3.7,2.3,4.7,7,1.2,0.4,1.2,2.3,2.6,17.5
39,Bradley Beal,SG,22,WAS,55,35,31.1,6.5,14.5,1.9,4.9,4.6,9.6,2.5,3.2,0.7,2.7,3.4,2.9,1,0.2,2,2.1,17.4
40,Rudy Gay,SF,29,SAC,70,70,34,6.7,14.4,1.1,3.1,5.6,11.3,2.8,3.6,1.5,5,6.5,1.7,1.4,0.7,2,2.6,17.2
41,Paul Millsap,PF,30,ATL,81,81,32.7,6.2,13.2,0.9,2.9,5.3,10.3,3.8,5,2.4,6.6,9,3.3,1.8,1.7,2.4,2.9,17.1
42,Ryan Anderson,PF,27,NOP,66,7,30.4,6,14.1,2,5.4,4,8.7,3,3.5,2,4,6,1.1,0.6,0.4,1.4,1.7,17
43,Giannis Antetokounmpo,PG,21,MIL,80,79,35.3,6.4,12.7,0.4,1.4,6.1,11.3,3.7,5.1,1.4,6.2,7.7,4.3,1.2,1.4,2.6,3.2,16.9
44,Jrue Holiday,PG,25,NOP,65,23,28.2,6.3,14.4,1.3,4,5,10.4,2.8,3.3,0.4,2.6,3,6,1.4,0.3,2.6,2.3,16.8
45,Marc Gasol,C,31,MEM,52,52,34.4,6.3,13.6,0,0.1,6.3,13.5,3.9,4.7,1.1,5.8,7,3.8,1,1.3,2.3,2.7,16.6
46,Pau Gasol,C,35,CHI,72,72,31.8,6.5,13.8,0.3,1,6.2,12.9,3.2,4,2.2,8.9,11,4.1,0.6,2,2.3,2.1,16.5
47,Derrick Favors,PF,24,UTA,62,59,32,6.7,13.1,0,0.1,6.7,13,2.9,4.1,2.7,5.4,8.1,1.5,1.2,1.5,1.7,2.4,16.4
48,Derrick Rose,PG,27,CHI,66,66,31.8,6.8,15.9,0.7,2.3,6.1,13.6,2.2,2.7,0.7,2.7,3.4,4.7,0.7,0.2,2.7,1.3,16.4
49,J.J. Redick,SG,31,LAC,75,75,28,5.6,11.7,2.7,5.6,3,6.1,2.4,2.7,0.1,1.7,1.9,1.4,0.6,0.1,1,1.8,16.3
50,Andre Drummond,C,22,DET,81,81,32.9,6.8,13.1,0,0.1,6.8,13,2.6,7.2,4.9,9.9,14.8,0.8,1.5,1.4,1.9,3,16.2
51,Kevin Love,PF,27,CLE,77,77,31.5,5.3,12.7,2.1,5.7,3.3,7,3.4,4.1,1.9,8,9.9,2.4,0.8,0.5,1.8,2.1,16
52,Victor Oladipo,SG,23,ORL,72,52,33,5.9,13.5,1.4,3.9,4.5,9.6,2.8,3.4,0.7,4.1,4.8,3.9,1.6,0.8,2.1,2.4,16
53,Jeff Teague,PG,27,ATL,79,78,28.5,5.5,12.5,1.4,3.5,4.1,9,3.3,3.9,0.4,2.3,2.7,5.9,1.2,0.3,2.8,2.1,15.7
54,Jordan Clarkson,SG,23,LAL,79,79,32.3,6,13.9,1.4,4.1,4.6,9.8,2.1,2.6,1.2,2.8,4,2.4,1.1,0.1,1.7,2.1,15.5
55,Evan Fournier,SF,23,ORL,79,71,32.5,5.4,11.8,2,4.9,3.5,6.8,2.5,3,0.4,2.4,2.8,2.7,1.2,0,1.7,2.7,15.4
56,Mike Conley,PG,28,MEM,56,56,31.4,5.3,12.4,1.4,3.8,3.9,8.6,3.4,4.1,0.5,2.5,2.9,6.1,1.2,0.3,1.5,1.8,15.3
57,Greg Monroe,C,25,MIL,79,67,29.3,6.2,11.9,0,0,6.2,11.9,2.9,3.9,2.8,6.1,8.8,2.3,0.9,0.8,1.6,2.1,15.3
58,Zach Randolph,PF,34,MEM,68,53,29.6,6.3,13.3,0.1,0.4,6.3,13,2.5,3.2,2.6,5.1,7.8,2.1,0.6,0.2,1.5,2.1,15.3
59,Lou Williams,SG,29,LAL,67,35,28.5,4.2,10.3,1.6,4.8,2.6,5.6,5.3,6.3,0.5,2.1,2.5,2.5,0.9,0.3,1.6,1.6,15.3
60,Avery Bradley,SG,25,BOS,76,72,33.4,6,13.4,1.9,5.4,4.1,8.1,1.3,1.6,0.6,2.3,2.9,2.1,1.5,0.3,1.4,2.2,15.2
61,Tyreke Evans,SG,26,NOP,25,25,30.6,5.4,12.6,1.3,3.4,4.1,9.2,3,3.7,0.8,4.4,5.2,6.6,1.3,0.3,2.9,2.6,15.2
62,Eric Gordon,SG,27,NOP,45,44,32.9,5.1,12.3,2.5,6.5,2.6,5.7,2.5,2.8,0.2,2,2.2,2.7,1,0.3,1.6,2.2,15.2
63,Al Horford,C,29,ATL,82,82,32.1,6.5,12.8,1.1,3.1,5.4,9.7,1.3,1.6,1.8,5.5,7.3,3.2,0.8,1.5,1.3,2,15.2
64,Thaddeus Young,PF,27,BRK,73,73,33,6.8,13.2,0.1,0.4,6.7,12.8,1.4,2.2,2.4,6.6,9,1.8,1.5,0.5,1.9,2.5,15.1
65,Nicolas Batum,SF,27,CHO,70,70,35,5.3,12.5,2,5.7,3.3,6.8,2.3,2.7,0.8,5.3,6.1,5.8,0.9,0.6,2.9,1.6,14.9
66,Tobias Harris,PF,23,TOT,76,74,33.1,5.5,11.7,1.1,3.1,4.4,8.6,2.7,3.2,1.3,5.4,6.7,2.2,0.9,0.5,1.4,2,14.7
67,Kentavious Caldwell-Pope,SG,22,DET,76,76,36.7,5.3,12.6,1.5,4.9,3.8,7.8,2.4,3,0.9,2.8,3.7,1.8,1.4,0.2,1.4,2.2,14.5
68,Rodney Hood,SG,23,UTA,79,79,32.2,5.2,12.3,2,5.7,3.1,6.6,2.2,2.5,0.5,2.9,3.4,2.7,0.9,0.2,1.6,2.6,14.5
69,Will Barton,SG,25,DEN,82,1,28.7,5.2,12,1.4,4,3.8,8,2.6,3.3,0.7,5.1,5.8,2.5,0.9,0.5,1.7,1.8,14.4
70,Kristaps Porzingis,PF,20,NYK,72,72,28.4,5.2,12.3,1.1,3.4,4.1,8.9,2.8,3.3,1.8,5.5,7.3,1.3,0.7,1.9,1.7,2.8,14.3
71,Jamal Crawford,SG,35,LAC,79,5,26.9,4.8,11.9,1.5,4.4,3.3,7.5,3.1,3.4,0.3,1.6,1.8,2.3,0.7,0.2,1.4,1.5,14.2
72,Jae Crowder,SF,25,BOS,73,73,31.6,4.9,11.1,1.7,5,3.3,6.2,2.7,3.3,1,4.2,5.1,1.8,1.7,0.5,1.1,2.7,14.2
73,Hassan Whiteside,C,26,MIA,73,43,29.1,5.7,9.3,0,0,5.7,9.3,2.9,4.5,3.3,8.6,11.8,0.4,0.6,3.7,1.9,2.8,14.2
74,Goran Dragic,PG,29,MIA,72,72,32.8,5.8,12.2,0.9,2.8,4.9,9.3,1.7,2.3,0.8,3.1,3.8,5.8,1,0.2,2.6,2.6,14.1
75,Marcus Morris,SF,26,DET,80,80,35.7,5.1,11.8,1.4,3.7,3.8,8.1,2.5,3.4,1.1,3.9,5.1,2.5,0.8,0.3,1.8,2.1,14.1
76,Jabari Parker,PF,20,MIL,76,72,31.7,5.8,11.8,0.1,0.5,5.7,11.4,2.3,3,1.6,3.6,5.2,1.7,0.9,0.4,1.5,2,14.1
77,Deron Williams,PG,31,DAL,65,63,32.4,4.9,11.9,1.5,4.3,3.4,7.6,2.8,3.2,0.3,2.6,2.9,5.8,0.9,0.2,2.3,2.4,14.1
78,Darren Collison,PG,28,SAC,74,15,30,5.1,10.5,1.2,2.9,3.9,7.6,2.6,3.1,0.4,1.9,2.3,4.3,1,0.1,1.8,1.9,14
79,Draymond Green,PF,25,GSW,81,81,34.7,5,10.1,1.2,3.2,3.7,6.9,2.8,4.1,1.7,7.8,9.5,7.4,1.5,1.4,3.2,3,14
80,Zach LaVine,SG,20,MIN,82,33,28,5.3,11.7,1.5,3.9,3.8,7.8,2,2.5,0.3,2.5,2.8,3.1,0.8,0.2,1.9,2.4,14
81,Devin Booker,SG,19,PHO,76,51,27.7,4.8,11.4,1.3,3.8,3.5,7.6,2.8,3.4,0.4,2.1,2.5,2.6,0.6,0.3,2.1,3,13.8
82,Monta Ellis,SG,30,IND,81,81,33.8,5.4,12.6,1.1,3.5,4.3,9.1,2,2.5,0.5,2.8,3.3,4.7,1.9,0.5,2.5,2.1,13.8
83,Dwight Howard,C,30,HOU,71,71,32.1,5.2,8.5,0,0.1,5.2,8.4,3.3,6.7,3.4,8.4,11.8,1.4,1,1.6,2.3,3.1,13.7
84,Chandler Parsons,SF,27,DAL,61,51,29.5,5.2,10.7,1.7,4.1,3.5,6.6,1.5,2.2,0.5,4.2,4.7,2.8,0.8,0.3,1.6,1.9,13.7
85,Marcin Gortat,C,31,WAS,75,74,30.1,5.8,10.2,0,0,5.8,10.2,1.9,2.8,3,6.9,9.9,1.4,0.6,1.3,1.6,2.6,13.5
86,Alec Burks,SG,24,UTA,31,3,25.7,4.4,10.8,1,2.5,3.4,8.2,3.4,4.5,0.5,3,3.5,2,0.6,0.1,1.6,2.3,13.3
87,D'Angelo Russell,PG,19,LAL,80,48,28.2,4.9,12,1.6,4.6,3.3,7.3,1.8,2.4,0.6,2.8,3.4,3.3,1.2,0.2,2.5,1.8,13.2
88,Dahntay Jones,SF,35,CLE,1,0,42,6,14,1,2,5,12,0,0,1,4,5,2,1,2,0,6,13
89,Arron Afflalo,SG,30,NYK,71,57,33.4,5,11.3,1.3,3.4,3.7,7.9,1.5,1.8,0.3,3.4,3.7,2,0.4,0.1,1.2,2,12.8
90,Michael Beasley,SF,27,HOU,20,0,18.2,5.4,10.3,0.2,0.5,5.2,9.8,1.9,2.5,1.5,3.5,4.9,0.8,0.6,0.5,1.2,2,12.8
91,Robert Covington,SF,25,PHI,67,49,28.4,4.1,10.6,2.5,7.2,1.6,3.4,2.1,2.6,1,5.3,6.3,1.4,1.6,0.6,2.1,3.5,12.8
92,Jarrett Jack,PG,32,BRK,32,32,32.1,4.4,11.2,1,3.2,3.4,8,3.1,3.5,0.3,4,4.3,7.4,1.1,0.2,2.9,2.4,12.8
93,Emmanuel Mudiay,PG,19,DEN,68,66,30.4,4.8,13.3,1.1,3.4,3.8,9.9,2.1,3.1,0.5,2.9,3.4,5.5,1,0.5,3.2,2.1,12.8
94,Jonas Valanciunas,C,23,TOR,60,59,26,5.1,8.9,0,0,5.1,8.9,2.7,3.6,3.1,6.1,9.1,0.7,0.4,1.3,1.4,2.6,12.8
95,Trevor Ariza,SF,30,HOU,81,81,35.3,4.4,10.6,2.3,6.2,2.1,4.4,1.6,2,0.8,3.7,4.5,2.3,2,0.3,1.4,2.2,12.7
96,DeAndre Jordan,C,27,LAC,77,77,33.7,4.6,6.6,0,0,4.6,6.6,3.5,8,3.5,10.3,13.8,1.2,0.7,2.3,1.4,2.7,12.7
97,Enes Kanter,C,23,OKC,82,1,21,5,8.8,0.1,0.3,4.9,8.5,2.4,3.1,3,5.1,8.1,0.4,0.3,0.4,1.4,2,12.7
98,Michael Kidd-Gilchrist,SF,22,CHO,7,7,29.3,4.7,8.7,0.4,1,4.3,7.7,2.9,4.1,1.7,4.7,6.4,1.3,0.4,0.4,1.1,1.3,12.7
99,Serge Ibaka,PF,26,OKC,78,78,32.1,5.3,11.1,0.8,2.4,4.6,8.8,1.2,1.6,1.8,5,6.8,0.8,0.5,1.9,1.4,2.7,12.6
100,Ish Smith,PG,27,TOT,77,53,29.1,5.2,12.6,0.7,2.2,4.4,10.4,1.6,2.3,0.6,3.4,4,6.5,1.1,0.3,2.3,1.7,12.6
101,Kenneth Faried,PF,26,DEN,67,64,25.3,5.2,9.3,0,0,5.2,9.3,2,3.3,3.5,5.2,8.7,1.2,0.5,0.9,1.4,2.5,12.5
102,Wesley Matthews,SG,29,DAL,78,78,33.9,4.2,10.9,2.4,6.7,1.8,4.2,1.6,1.9,0.3,2.7,3.1,1.9,1,0.2,1,2.3,12.5
103,J.R. Smith,SG,30,CLE,77,77,30.7,4.6,11,2.6,6.6,1.9,4.4,0.6,0.9,0.6,2.3,2.8,1.7,1.1,0.3,0.8,2.6,12.4
104,Luol Deng,PF,30,MIA,74,73,32.4,4.6,10.1,1.2,3.5,3.4,6.6,2,2.6,1.5,4.5,6,1.9,1,0.4,1.1,1.6,12.3
105,Gary Harris,SG,21,DEN,76,76,32.1,4.7,10.1,1.4,3.9,3.3,6.2,1.4,1.8,0.7,2.2,2.9,1.9,1.3,0.2,1.3,1.9,12.3
106,Joe Johnson,SF,34,TOT,81,81,33.4,4.7,10.6,1.5,3.9,3.2,6.7,1.5,1.8,0.6,3,3.6,3.9,0.8,0,2,1.8,12.2
107,Mirza Teletovic,PF,30,PHO,79,1,21.3,4.2,9.8,2.3,5.8,1.9,4,1.5,2,0.7,3.1,3.8,1.1,0.4,0.3,1.1,2,12.2
108,George Hill,PG,29,IND,74,73,34.1,4.4,10,1.7,4.2,2.7,5.7,1.5,2,0.8,3.2,4,3.5,1.1,0.2,1.4,2,12.1
109,Al Jefferson,C,31,CHO,47,18,23.3,5.2,10.7,0,0,5.2,10.7,1.5,2.4,1.2,5.2,6.4,1.5,0.6,0.9,0.7,2.5,12
110,Markieff Morris,PF,26,TOT,64,45,25.5,4.8,11.2,0.7,2.4,4,8.8,1.7,2.3,1.1,4.4,5.5,1.9,0.9,0.5,2.1,2.9,12
111,Tony Parker,PG,33,SAS,72,72,27.5,4.9,9.9,0.4,0.9,4.5,9,1.8,2.4,0.2,2.2,2.4,5.3,0.8,0.2,1.8,1.6,11.9
112,Rajon Rondo,PG,29,SAC,72,72,35.2,4.9,10.9,0.9,2.4,4.1,8.5,1.2,2.1,1.1,5,6,11.7,2,0.1,3.9,2.4,11.9
113,Omri Casspi,SF,27,SAC,69,21,27.2,4.3,9,1.6,4,2.7,5,1.5,2.3,0.8,5.1,5.9,1.4,0.8,0.2,1.4,2.2,11.8
114,C.J. Miles,SF,28,IND,64,24,22.9,4,9.9,2.2,6,1.8,3.9,1.5,1.9,0.4,2.3,2.7,1,0.8,0.5,1.1,2.2,11.8
115,Nikola Mirotic,PF,24,CHI,66,38,24.9,3.8,9.2,2,5.2,1.7,4,2.2,2.7,0.9,4.6,5.5,1.5,0.9,0.7,1.5,2.3,11.8
116,Harrison Barnes,SF,23,GSW,66,59,30.9,4.5,9.6,1.2,3.2,3.2,6.3,1.5,2,1.2,3.8,4.9,1.8,0.6,0.2,0.9,2.1,11.7
117,Jeff Green,SF,29,TOT,80,41,28.2,4.4,10.3,0.8,2.7,3.6,7.6,2.1,2.8,0.9,3.2,4.2,1.7,0.7,0.5,1.2,2.1,11.7
118,Jeremy Lin,SG,27,CHO,78,13,26.3,3.8,9.3,1,2.9,2.9,6.4,3.1,3.7,0.5,2.7,3.2,3,0.7,0.5,1.9,2.1,11.7
119,Marvin Williams,PF,29,CHO,81,81,28.9,4.2,9.2,1.9,4.7,2.3,4.6,1.5,1.8,1.6,4.9,6.4,1.4,0.7,1,0.8,1.6,11.7
120,Kent Bazemore,SF,26,ATL,75,68,27.8,4.3,9.7,1.5,4.1,2.8,5.6,1.6,2,0.4,4.7,5.1,2.3,1.3,0.5,1.8,2.3,11.6
121,Otto Porter,SF,22,WAS,75,73,30.3,4.5,9.6,1.3,3.6,3.2,6,1.3,1.7,1.3,3.9,5.2,1.6,1.4,0.4,0.9,2.2,11.6
122,Michael Carter-Williams,PG,24,MIL,54,37,30.5,4.6,10.3,0.3,1,4.4,9.3,2,3,0.9,4.2,5.1,5.2,1.5,0.8,2.8,3,11.5
123,Jordan Hamilton,SF,25,NOP,11,4,27.6,4.5,10.5,1.2,4.1,3.3,6.5,1.3,1.9,1.1,4.5,5.6,2.3,0.7,0.3,1.5,2.2,11.4
124,Julius Randle,PF,21,LAL,81,60,28.2,4.4,10.3,0.1,0.4,4.3,9.9,2.4,3.3,2.1,8.1,10.2,1.8,0.7,0.4,1.8,3,11.3
125,Bojan Bogdanovic,SF,26,BRK,79,39,26.8,4.1,9.5,1.6,4.3,2.5,5.2,1.4,1.7,0.5,2.8,3.2,1.3,0.4,0.1,1.5,1.5,11.2
126,Sean Kilpatrick,SG,26,TOT,31,0,19.9,4,8.7,1.3,3.7,2.7,5,1.9,2.2,0.4,1.4,1.8,0.9,0.4,0.1,1,1.2,11.1
127,Nerlens Noel,C,21,PHI,67,62,29.3,4.6,8.8,0,0,4.6,8.7,2,3.4,2.3,5.8,8.1,1.8,1.8,1.5,2.4,2.9,11.1
128,Isaiah Canaan,SG,24,PHI,77,39,25.5,3.4,9.4,2.3,6.3,1.1,3.1,1.9,2.3,0.3,2,2.3,1.8,0.7,0.2,1.2,1.7,11
129,DeMarre Carroll,SF,29,TOR,26,22,30.2,4,10.4,1.8,4.5,2.3,5.8,1.2,1.9,1.2,3.5,4.7,1,1.7,0.2,1.1,2.4,11
130,Dennis Schroder,PG,22,ATL,80,6,20.3,4.1,9.8,1,3,3.2,6.8,1.8,2.3,0.3,2.2,2.6,4.4,0.9,0.1,2.3,1.7,11
131,T.J. Warren,SF,22,PHO,47,4,22.8,4.7,9.4,0.6,1.5,4.1,7.9,1,1.4,1.2,1.9,3.1,0.9,0.8,0.3,0.7,2,11
132,J.J. Barea,PG,31,DAL,74,16,22.5,4.3,9.6,1.4,3.5,2.9,6.1,1,1.3,0.4,1.7,2.1,4.1,0.4,0,1.5,1.5,10.9
133,Elfrid Payton,PG,21,ORL,73,69,29.4,4.4,10,0.4,1.3,3.9,8.7,1.5,2.6,1.1,2.5,3.6,6.4,1.2,0.3,2.4,2.2,10.7
134,Trey Burke,PG,23,UTA,64,0,21.3,4.1,9.9,1.4,4,2.7,5.9,1,1.3,0.3,1.5,1.8,2.3,0.5,0.1,1.3,1.3,10.6
135,Norris Cole,PG,27,NOP,45,23,26.6,4.4,10.8,0.7,2.3,3.6,8.5,1.2,1.4,0.2,3.1,3.4,3.7,0.8,0.1,1.7,2.3,10.6
136,Shabazz Muhammad,SF,23,MIN,82,0,20.5,3.9,8.3,0.5,1.9,3.3,6.5,2.3,3,1.2,2,3.3,0.6,0.3,0.1,0.9,1.1,10.5
137,Evan Turner,SG,27,BOS,81,12,28,4.2,9.3,0.2,1,4,8.3,1.8,2.2,0.6,4.3,4.9,4.4,1,0.3,2.1,1.7,10.5
138,Jerryd Bayless,SG,27,MIL,52,18,28.9,3.6,8.4,1.9,4.4,1.6,4,1.3,1.7,0.4,2.3,2.7,3.1,0.9,0.2,1.4,2.1,10.4
139,Ersan Ilyasova,PF,28,TOT,74,56,25.4,3.8,8.9,1.3,3.5,2.5,5.4,1.5,2.1,1.9,3.5,5.4,0.9,0.7,0.4,1,2.3,10.4
140,Mario Chalmers,PG,29,TOT,61,7,22.5,3,7.3,0.8,2.4,2.2,4.8,3.6,4.3,0.4,2.2,2.6,3.8,1.4,0.2,1.8,3,10.3
141,Allen Crabbe,SG,23,POR,81,8,26,3.8,8.4,1.4,3.5,2.5,4.9,1.2,1.4,0.3,2.3,2.7,1.2,0.8,0.2,0.8,2.4,10.3
142,Robin Lopez,C,27,NYK,82,82,27.1,4.4,8.1,0,0,4.4,8.1,1.6,2,3.3,4.1,7.3,1.4,0.2,1.6,1.6,2.2,10.3
143,Jared Sullinger,PF,23,BOS,81,73,23.6,4.3,10,0.4,1.3,4,8.7,1.3,2,2.4,5.9,8.3,2.3,0.9,0.6,1.3,2.6,10.3
144,Myles Turner,C,19,IND,60,30,22.8,4.4,8.8,0.1,0.2,4.4,8.6,1.5,2,1.1,4.4,5.5,0.7,0.4,1.4,1.1,2.6,10.3
145,Al-Farouq Aminu,SF,25,POR,82,82,28.5,3.6,8.8,1.5,4.3,2.1,4.5,1.4,1.9,1.2,4.9,6.1,1.7,0.9,0.6,1.5,2.1,10.2
146,Marco Belinelli,SG,29,SAC,68,7,24.6,3.6,9.3,1.3,4.4,2.3,5,1.7,2,0.1,1.6,1.7,1.9,0.5,0,1.2,1.3,10.2
147,Gorgui Dieng,C,26,MIN,82,39,27.1,3.8,7.1,0.1,0.2,3.7,6.8,2.5,3,1.9,5.2,7.1,1.7,1.1,1.2,1.7,2.7,10.1
148,Ricky Rubio,PG,25,MIN,76,76,30.6,2.9,7.7,0.8,2.5,2.1,5.2,3.5,4.1,0.5,3.8,4.3,8.7,2.1,0.1,2.5,2.6,10.1
149,Matt Barnes,SF,35,MEM,76,45,28.8,3.5,9.1,1.6,4.9,1.9,4.3,1.5,1.8,1.1,4.4,5.5,2.1,1,0.8,1.6,3.1,10
150,Nikola Jokic,C,20,DEN,80,55,21.7,3.8,7.5,0.4,1.1,3.5,6.5,1.9,2.4,2.3,4.7,7,2.4,1,0.6,1.3,2.6,10
151,Kelly Olynyk,C,24,BOS,69,8,20.2,3.7,8.1,1.2,3,2.4,5,1.4,1.9,1,3,4.1,1.5,0.8,0.5,1.1,2.4,10
152,Patrick Beverley,PG,27,HOU,71,63,28.7,3.6,8.4,1.7,4.4,1.9,4,0.8,1.2,1,2.5,3.5,3.4,1.3,0.4,1.3,3.3,9.9
153,Terrence Ross,SF,24,TOR,73,7,23.9,3.7,8.6,1.8,4.6,1.9,3.9,0.7,0.8,0.3,2.2,2.5,0.8,0.7,0.3,0.6,1.6,9.9
154,Ramon Sessions,PG,29,WAS,82,5,20.3,3.4,7.2,0.4,1.4,3,5.9,2.6,3.5,0.3,2.2,2.5,2.9,0.6,0.1,1.4,1.2,9.9
155,Carl Landry,PF,32,PHI,36,12,15.8,3.9,6.9,0.2,0.4,3.7,6.6,1.9,2.5,1.4,2.7,4.1,0.9,0.3,0.3,0.6,1.9,9.8
156,Gary Neal,SG,31,WAS,40,2,20.2,3.8,8.1,1,2.5,2.8,5.6,1.2,1.4,0.3,1.8,2.1,1.2,0.5,0,0.7,1.4,9.8
157,Hollis Thompson,SG,24,PHI,77,17,28,3.5,8.8,1.9,5.1,1.6,3.7,0.9,1.2,0.7,2.8,3.5,1.3,0.5,0.3,1,2.4,9.8
158,Dion Waiters,SG,24,OKC,78,15,27.6,3.6,9.1,1.1,3.1,2.5,6,1.4,2,0.5,2.1,2.6,2,1,0.2,1.5,1.8,9.8
159,Jerami Grant,SF,21,PHI,77,52,26.8,3.3,7.8,0.5,1.9,2.8,5.9,2.8,4.2,1.3,3.4,4.7,1.8,0.7,1.6,1.4,2.8,9.7
160,Marcus Thornton,SG,28,TOT,61,8,18.2,3.5,8.9,1.5,4.4,2,4.5,1.1,1.3,0.6,1.8,2.5,1.4,0.8,0.1,0.8,1.5,9.7
161,Manu Ginobili,SG,38,SAS,58,0,19.6,3.4,7.5,1.2,3.1,2.2,4.4,1.6,1.9,0.4,2.1,2.5,3.1,1.1,0.2,1.7,1.7,9.6
162,Courtney Lee,SG,30,TOT,79,65,29.5,3.7,8.1,1,2.7,2.6,5.3,1.3,1.5,0.4,2.2,2.6,1.7,1.1,0.4,0.9,1.7,9.6
163,Raymond Felton,PG,31,DAL,80,31,27.4,3.5,8.5,0.8,2.7,2.7,5.9,1.9,2.2,0.5,2.8,3.2,3.6,0.9,0.2,1.5,1.8,9.5
164,Doug McDermott,SF,24,CHI,81,4,23,3.6,8,1.4,3.2,2.2,4.8,0.9,1,0.5,2,2.4,0.7,0.2,0.1,0.7,1.6,9.4
165,Ian Mahinmi,C,29,IND,71,71,25.6,3.7,6.3,0,0,3.7,6.3,1.9,3.2,1.9,5.2,7.1,1.5,0.9,1.1,1.4,3.1,9.3
166,Kevin Martin,SG,32,TOT,55,13,19.9,2.8,7.6,0.9,2.5,1.9,5.1,2.8,3.1,0.3,1.7,2,1.1,0.5,0.1,1,1.5,9.3
167,Derrick Williams,SF,24,NYK,80,9,17.9,3.2,7.1,0.6,1.9,2.6,5.2,2.4,3.2,0.6,3.1,3.7,0.9,0.4,0.1,0.8,0.9,9.3
168,Jordan Farmar,PG,29,MEM,12,10,24.3,3.5,8.3,1.3,3.8,2.2,4.6,0.8,0.8,0.3,1.8,2.1,3.1,1.3,0.2,1.5,1.8,9.2
169,Aaron Gordon,PF,20,ORL,78,37,23.9,3.5,7.4,0.5,1.8,3,5.6,1.7,2.5,2,4.5,6.5,1.6,0.8,0.7,0.8,2,9.2
170,Nene Hilario,PF,33,WAS,57,11,19.2,3.7,6.7,0,0.1,3.7,6.7,1.9,3.2,0.9,3.6,4.5,1.7,0.9,0.5,1.3,2.7,9.2
171,Kyle Korver,SG,34,ATL,80,80,30,3.4,7.7,2,5,1.4,2.7,0.6,0.7,0.2,3.1,3.3,2.1,0.8,0.4,1.2,2,9.2
172,Rudy Gobert,C,23,UTA,61,60,31.7,3.2,5.8,0,0,3.2,5.8,2.6,4.6,3.4,7.5,11,1.5,0.7,2.2,1.9,2.7,9.1
173,Mason Plumlee,C,25,POR,82,82,25.4,3.3,6.3,0,0,3.3,6.3,2.6,4.1,2.5,5.2,7.7,2.8,0.8,1,1.9,3.1,9.1
174,Marcus Smart,PG,21,BOS,61,10,27.3,3,8.7,1,4,2,4.7,2.1,2.7,1.2,2.9,4.2,3,1.5,0.3,1.3,3,9.1
175,Alex Len,C,22,PHO,78,46,23.3,3.4,8,0,0.1,3.4,7.9,2.2,3.1,2.3,5.3,7.6,1.2,0.5,0.8,1.9,2.9,9
176,Archie Goodwin,PG,21,PHO,57,13,19.5,3.1,7.4,0.4,1.7,2.7,5.7,2.3,3.4,0.5,2,2.5,2.1,0.5,0.2,1.8,1.5,8.9
177,Gerald Green,SG,30,MIA,69,14,22.6,3.3,8.5,1.2,3.8,2.1,4.7,1,1.3,0.4,2,2.4,0.8,0.6,0.3,0.7,1.8,8.9
178,Austin Rivers,SG,23,LAC,67,7,21.9,3.4,7.7,0.9,2.8,2.4,4.9,1.2,1.7,0.3,1.6,1.9,1.5,0.7,0.1,0.9,2,8.9
179,Rodney Stuckey,PG,29,IND,58,1,22,3.2,7.6,0.3,1.4,2.8,6.2,2.3,2.7,0.3,2.4,2.7,2.4,0.7,0.1,1.3,1.3,8.9
180,Jordan Hill,C,28,IND,73,11,20.7,3.8,7.5,0,0,3.8,7.5,1.2,1.7,2.1,4,6.2,1.2,0.5,0.5,1.3,2.1,8.8
181,Jeremy Lamb,SG,23,CHO,66,0,18.6,3.5,7.7,0.8,2.7,2.6,5,1,1.3,0.7,3.2,3.8,1.2,0.6,0.5,0.8,1.6,8.8
182,Toney Douglas,PG,29,NOP,61,18,20.7,3,7.3,1.3,3.3,1.7,4,1.4,1.6,0.4,1.9,2.3,2.6,1.1,0.1,1,2.1,8.7
183,Gerald Henderson,SG,28,POR,72,0,19.9,3.2,7.3,0.7,1.9,2.6,5.5,1.6,2,0.4,2.5,2.9,1,0.5,0.3,0.9,1.2,8.7
184,Tyler Johnson,SG,23,MIA,36,5,24,3.3,6.8,0.8,2,2.5,4.8,1.4,1.8,0.8,2.3,3,2.2,0.7,0.4,1.3,1.8,8.7
185,Terrence Jones,PF,24,HOU,50,11,20.9,3.3,7.3,0.5,1.6,2.8,5.8,1.5,2.3,1.2,3,4.2,0.8,0.5,0.8,1,1.7,8.7
186,Luis Scola,PF,35,TOR,76,76,21.5,3.5,7.9,0.9,2.1,2.7,5.8,0.8,1.1,1.1,3.6,4.7,0.9,0.6,0.4,0.9,2.3,8.7
187,Cody Zeller,C,23,CHO,73,60,24.3,3.2,6,0,0.1,3.2,5.8,2.4,3.2,1.9,4.3,6.2,1,0.8,0.9,0.9,2.8,8.7
188,Tim Duncan,C,39,SAS,61,60,25.2,3.5,7.2,0,0,3.5,7.2,1.5,2.1,1.9,5.4,7.3,2.7,0.8,1.3,1.5,2,8.6
189,Taj Gibson,PF,30,CHI,73,55,26.5,3.6,6.8,0,0,3.6,6.8,1.4,2,2.8,4.1,6.9,1.5,0.6,1.1,1.1,2.5,8.6
190,Shelvin Mack,PG,25,TOT,52,27,20.3,3.5,8,0.8,2.4,2.8,5.6,0.9,1.2,0.3,2.2,2.5,3.6,0.7,0.1,1.8,1.4,8.6
191,Zaza Pachulia,C,31,DAL,76,69,26.4,2.9,6.2,0,0,2.9,6.1,2.8,3.6,3.3,6.2,9.4,1.7,0.8,0.3,1.6,2.4,8.6
192,Cory Joseph,SG,24,TOR,80,4,25.6,3.2,7.3,0.4,1.4,2.8,5.9,1.7,2.2,0.5,2.1,2.6,3.1,0.8,0.3,1.3,1.6,8.5
193,Jon Leuer,PF,26,PHO,67,27,18.7,3.3,7,0.6,1.6,2.7,5.3,1.1,1.5,1.1,4.4,5.6,1.1,0.6,0.4,1.1,1.9,8.5
194,Patrick Mills,PG,27,SAS,81,3,20.5,3.2,7.6,1.5,4,1.7,3.6,0.6,0.7,0.3,1.6,2,2.8,0.7,0.1,0.9,1.3,8.5
195,Nik Stauskas,SG,22,PHI,73,35,24.8,2.9,7.5,1.5,4.5,1.4,3,1.2,1.6,0.3,2.2,2.5,1.9,0.6,0.3,1.3,1.6,8.5
196,Tony Allen,SG,34,MEM,64,57,25.3,3.4,7.3,0.2,0.7,3.1,6.7,1.4,2.2,1.6,3,4.6,1.1,1.7,0.3,1.2,2.7,8.4
197,Meyers Leonard,PF,23,POR,61,10,21.9,3.2,7.1,1.4,3.7,1.8,3.4,0.6,0.8,0.8,4.3,5.1,1.5,0.1,0.3,1.3,3,8.4
198,Tony Wroten,PG,22,PHI,8,3,18,2.8,8.1,0.4,2.1,2.4,6,2.5,4.6,0.3,2.4,2.6,2.5,0.4,0,3.6,1.4,8.4
199,Lance Stephenson,SF,25,TOT,69,13,19.9,3.3,6.9,0.4,1.1,2.9,5.7,1.3,1.6,0.6,2.7,3.2,1.9,0.6,0.1,1.4,2,8.3
200,Jusuf Nurkic,C,21,DEN,32,3,17.1,3.2,7.6,0,0.1,3.2,7.5,1.9,3.1,2,3.4,5.5,1.3,0.8,1.4,1.7,2.8,8.2
201,Lance Thomas,PF,27,NYK,59,5,22.3,2.9,6.5,0.7,1.8,2.1,4.6,1.7,2,0.6,1.6,2.2,0.9,0.4,0.1,1,1.8,8.2
202,Mo Williams,PG,33,CLE,41,14,18.2,3.2,7.4,0.9,2.5,2.3,4.9,0.9,1,0.1,1.6,1.8,2.4,0.3,0.1,1.4,1.5,8.2
203,Stanley Johnson,SF,19,DET,73,6,23.1,3.1,8.2,0.9,2.8,2.2,5.4,1.1,1.4,0.8,3.4,4.2,1.6,0.8,0.2,1.6,2.4,8.1
204,Steven Adams,C,22,OKC,80,80,25.2,3.3,5.3,0,0,3.3,5.3,1.4,2.5,2.7,3.9,6.7,0.8,0.5,1.1,1.1,2.8,8
205,P.J. Tucker,SF,30,PHO,82,80,31,2.9,7.1,0.8,2.5,2.1,4.6,1.3,1.7,2,4.2,6.2,2.2,1.3,0.2,1.4,2.5,8
206,Jared Dudley,PF,30,WAS,81,41,25.9,2.9,6,1.2,2.9,1.6,3.1,0.9,1.2,0.7,2.9,3.5,2.1,0.9,0.2,1,2.3,7.9
207,Joffrey Lauvergne,C,24,DEN,59,15,17.6,3.3,6.4,0.2,0.9,3.1,5.5,1.1,1.2,1.3,3.6,4.9,0.9,0.2,0.3,0.9,1.9,7.9
208,David Lee,PF,32,TOT,55,5,16.4,3.2,6.1,0,0,3.2,6.1,1.3,1.7,1.8,3.7,5.5,1.5,0.4,0.5,1.2,2.1,7.8
209,O.J. Mayo,SG,28,MIL,41,24,26.6,2.9,7.8,1.3,4,1.6,3.9,0.8,1,0.3,2.2,2.6,2.9,1.2,0.2,1.8,3.1,7.8
210,Ben McLemore,SG,22,SAC,68,53,21.2,2.9,6.7,1,2.7,1.9,4,1.1,1.5,0.5,1.7,2.2,1.2,0.8,0.1,1.5,2.1,7.8
211,Tristan Thompson,PF,24,CLE,82,34,27.7,3,5.1,0,0,3,5.1,1.8,3,3.3,5.7,9,0.8,0.5,0.6,0.7,2.5,7.8
212,Wayne Ellington,SG,28,BRK,76,41,21.3,2.9,7.4,1.3,3.5,1.6,3.9,0.7,0.8,0.3,2,2.3,1.1,0.6,0.1,0.6,1.1,7.7
213,Jameer Nelson,PG,33,DEN,39,15,26.6,2.9,7.9,1.1,3.7,1.8,4.2,0.8,0.9,0.5,2.5,2.9,4.9,0.6,0.1,1.7,2.6,7.7
214,Jose Calderon,PG,34,NYK,72,72,28.1,2.9,6.3,1.2,2.8,1.7,3.5,0.6,0.7,0.3,2.9,3.2,4.2,0.9,0.1,1.2,1.9,7.6
215,Langston Galloway,PG,24,NYK,82,7,24.8,2.8,7.2,0.9,2.7,1.9,4.4,1,1.4,0.5,3,3.5,2.5,0.9,0.3,0.7,2.2,7.6
216,Devin Harris,PG,32,DAL,64,0,20,2.6,5.8,0.8,2.5,1.8,3.4,1.6,2.2,0.3,1.9,2.2,1.8,0.9,0.2,1,1.9,7.6
217,Darrell Arthur,PF,27,DEN,70,16,21.7,3.2,7,0.6,1.7,2.5,5.3,0.6,0.8,1.2,3,4.2,1.4,0.8,0.7,0.9,2.6,7.5
218,D.J. Augustin,PG,28,TOT,62,0,19,2.4,5.6,1.1,2.7,1.3,2.9,1.7,2.1,0.1,1.4,1.5,3.2,0.6,0.1,1.4,1.4,7.5
219,Matthew Dellavedova,PG,25,CLE,76,14,24.6,2.7,6.7,1.3,3.1,1.4,3.6,0.8,0.9,0.4,1.7,2.1,4.4,0.6,0.1,1.5,2.3,7.5
220,Frank Kaminsky,C,22,CHO,81,3,21.1,2.7,6.5,0.8,2.5,1.8,4,1.3,1.8,0.9,3.3,4.1,1.2,0.5,0.5,0.7,1.6,7.5
221,E'Twaun Moore,SG,26,CHI,59,22,21.4,3.2,6.6,0.8,1.8,2.4,4.8,0.4,0.6,0.3,1.9,2.3,1.7,0.6,0.3,0.9,1.7,7.5
222,JaMychal Green,PF,25,MEM,78,15,18.5,2.9,6.3,0.2,0.6,2.8,5.8,1.3,1.8,1.8,3,4.8,0.9,0.6,0.4,1.1,2.4,7.4
223,Amir Johnson,PF,28,BOS,79,76,22.8,3.2,5.4,0.1,0.5,3,4.8,0.9,1.5,2.3,4.1,6.4,1.7,0.7,1.1,1.2,2.7,7.3
224,Shane Larkin,PG,23,BRK,78,17,22.4,2.8,6.4,0.5,1.4,2.3,5.1,1.1,1.4,0.4,1.9,2.3,4.4,1.2,0.2,1.9,1.6,7.3
225,Jodie Meeks,SG,28,DET,3,0,14.3,2.3,6.7,1.3,3,1,3.7,1.3,1.3,0.3,1.3,1.7,1,0,0,0.3,0.7,7.3
226,Garrett Temple,SF,29,WAS,80,43,24.4,2.5,6.3,1.1,3.2,1.4,3.1,1.1,1.6,0.5,2.2,2.7,1.8,0.9,0.2,0.8,2.4,7.3
227,Nick Young,SG,30,LAL,54,2,19.1,2.3,6.9,1.4,4.4,0.9,2.5,1.2,1.4,0.3,1.5,1.8,0.6,0.4,0.1,0.6,0.9,7.3
228,Brandon Bass,PF,30,LAL,66,0,20.3,2.6,4.8,0,0,2.6,4.8,1.9,2.2,1.6,2.7,4.3,1.1,0.5,0.8,0.6,1.9,7.2
229,Corey Brewer,SF,29,HOU,82,12,20.4,2.6,6.7,0.7,2.7,1.8,4,1.3,1.7,0.5,1.9,2.4,1.3,1,0.2,1,2,7.2
230,Tyson Chandler,C,33,PHO,66,60,24.5,2.8,4.8,0,0,2.8,4.7,1.6,2.6,2.7,6.1,8.7,1,0.5,0.7,1.4,2.2,7.2
231,Mike Dunleavy,SF,35,CHI,31,30,22.7,2.5,6.1,1.3,3.2,1.2,2.9,0.9,1.2,0.3,2.4,2.7,1.3,0.5,0.3,0.8,2.1,7.2
232,James Ennis,SF,25,TOT,22,5,15,2.5,5.1,1.2,2.6,1.3,2.5,1.1,1.5,1,1,1.9,1,0.7,0.2,0.9,1.3,7.2
233,Danny Green,SG,28,SAS,79,79,26.1,2.7,7.1,1.5,4.4,1.2,2.7,0.4,0.6,0.6,3.2,3.8,1.8,1,0.8,0.9,1.8,7.2
234,Jason Smith,C,29,ORL,76,2,15.5,3.2,6.6,0.1,0.2,3.2,6.4,0.7,0.9,0.7,2.2,2.9,0.8,0.4,0.9,0.8,2.1,7.2
235,Aaron Brooks,PG,31,CHI,69,0,16.1,2.7,6.8,1,2.7,1.8,4.1,0.7,0.9,0.3,1.2,1.5,2.6,0.4,0.1,1.2,1.9,7.1
236,Marreese Speights,C,28,GSW,72,0,11.6,2.7,6.3,0.3,0.9,2.4,5.5,1.3,1.6,1.1,2.3,3.3,0.8,0.3,0.5,0.9,1.6,7.1
237,David West,PF,35,SAS,78,19,18,3.1,5.7,0,0.1,3.1,5.7,0.8,1,0.9,3,4,1.8,0.6,0.7,0.9,1.8,7.1
238,Luke Babbitt,SF,26,NOP,47,13,18,2.6,6.1,0.9,2.3,1.7,3.8,0.8,1.1,0.5,2.6,3.1,1.1,0.2,0.1,0.5,1.9,7
239,Clint Capela,C,21,HOU,77,35,19.1,3,5.2,0,0,3,5.1,1,2.7,2.5,3.9,6.4,0.6,0.8,1.2,0.8,2.5,7
240,Willie Cauley-Stein,C,22,SAC,66,39,21.4,2.9,5.1,0,0,2.9,5.1,1.2,1.9,2,3.3,5.3,0.6,0.7,1,0.7,2.2,7
241,Festus Ezeli,C,26,GSW,46,13,16.7,2.7,5,0,0,2.7,5,1.5,2.9,2,3.6,5.6,0.7,0.4,1.1,0.8,2,7
242,John Henson,C,25,MIL,57,1,16.8,2.9,5.1,0,0,2.9,5.1,1.2,2.1,1.5,2.4,3.9,0.9,0.3,1.9,1.1,2.3,7
243,Andre Iguodala,SF,32,GSW,65,1,26.6,2.7,5.7,0.8,2.4,1.9,3.3,0.8,1.3,0.8,3.2,4,3.4,1.1,0.3,1.2,1.6,7
244,Bobby Portis,PF,20,CHI,62,4,17.8,3,7,0.3,0.8,2.7,6.2,0.8,1.1,2,3.5,5.4,0.8,0.4,0.4,0.9,1.6,7
245,Donald Sloan,PG,28,BRK,61,33,21.6,2.5,5.7,0.6,1.6,1.9,4.1,1.3,1.7,0.3,2.6,2.8,4.4,0.5,0.1,1.3,1.2,7
246,Brandon Jennings,PG,26,TOT,48,7,18.1,2.3,6.3,1.1,3.2,1.3,3.1,1.2,1.6,0.3,1.7,2,3.5,0.6,0.1,1.2,1.2,6.9
247,Wesley Johnson,SF,28,LAC,80,9,20.8,2.6,6.4,1.3,3.9,1.3,2.6,0.4,0.6,0.5,2.6,3.1,0.6,1.1,0.7,0.7,2.2,6.9
248,Andrew Nicholson,PF,26,ORL,56,0,14.7,2.6,5.5,0.7,2,1.9,3.5,0.9,1.2,0.6,3,3.6,0.4,0.2,0.4,0.7,1.2,6.9
249,Patrick Patterson,PF,26,TOR,79,0,25.6,2.6,6.2,1.3,3.7,1.2,2.5,0.4,0.4,1,3.4,4.3,1.2,0.7,0.4,0.8,1.6,6.9
250,Brandan Wright,PF,28,MEM,12,2,17.7,2.9,4.3,0,0,2.9,4.3,1.1,2,1.2,2.4,3.6,0.5,0.4,1.3,0.8,1.8,6.9
251,Seth Curry,PG,25,SAC,44,9,15.7,2.3,5.1,1.1,2.5,1.2,2.6,1,1.2,0.2,1.2,1.4,1.5,0.5,0.1,0.8,0.9,6.8
252,Kosta Koufos,C,26,SAC,78,14,19,3,5.7,0,0,3,5.7,0.7,1.3,2.2,3.3,5.4,0.4,0.5,0.9,0.6,2.4,6.8
253,Andrea Bargnani,C,30,BRK,46,0,13.8,2.8,6.1,0.1,0.3,2.7,5.7,1,1.2,0.6,1.5,2.1,0.4,0.1,0.2,0.6,1.3,6.6
254,Vince Carter,SG,39,MEM,60,3,16.8,2.2,5.7,1,2.8,1.2,2.9,1.2,1.4,0.5,1.9,2.4,0.9,0.6,0.3,0.6,1.7,6.6
255,Josh Richardson,SG,22,MIA,52,2,21.3,2.4,5.2,1,2.2,1.3,3,0.8,1.2,0.4,1.7,2.1,1.4,0.7,0.5,0.7,2.1,6.6
256,Ed Davis,PF,26,POR,81,0,20.8,2.5,4.2,0,0,2.5,4.2,1.4,2.5,2.8,4.6,7.4,1.1,0.7,0.9,0.8,2.5,6.5
257,Kris Humphries,PF,30,TOT,53,17,15.8,2.3,5.6,0.6,2,1.6,3.5,1.3,1.6,1.1,3,4.1,0.7,0.3,0.4,0.7,1.8,6.5
258,Henry Sims,C,25,BRK,14,4,18.8,2.4,5.5,0,0,2.4,5.5,1.8,2.1,1.5,3.6,5.1,0.6,0.6,1,0.9,2.6,6.5
259,Leandro Barbosa,SG,33,GSW,68,0,15.9,2.5,5.4,0.6,1.6,1.9,3.8,0.8,0.9,0.4,1.3,1.7,1.2,0.6,0.1,0.8,1.6,6.4
260,Boris Diaw,PF,33,SAS,76,4,18.2,2.7,5,0.3,0.9,2.3,4.1,0.7,1,0.8,2.3,3.1,2.3,0.3,0.3,1.3,1.3,6.4
261,Tim Hardaway,SG,23,ATL,51,1,16.9,2.2,5.2,0.9,2.8,1.3,2.4,1,1.1,0.1,1.5,1.7,1,0.4,0.1,0.5,0.9,6.4
262,Maurice Harkless,SF,22,POR,78,14,18.7,2.5,5.3,0.5,1.8,2,3.5,0.9,1.4,1.3,2.3,3.6,0.9,0.6,0.4,0.8,1.6,6.4
263,Thabo Sefolosha,SF,31,ATL,75,11,23.4,2.5,5,0.6,1.7,1.9,3.3,0.8,1.3,0.7,3.8,4.5,1.4,1.1,0.5,0.9,1.5,6.4
264,Justise Winslow,SF,19,MIA,78,8,28.6,2.5,5.9,0.4,1.5,2.1,4.4,1,1.5,1,4.1,5.2,1.5,0.9,0.3,1.2,2.4,6.4
265,Aron Baynes,C,29,DET,81,1,15.2,2.4,4.7,0,0,2.4,4.7,1.6,2,1.7,3,4.7,0.6,0.3,0.6,0.8,1.9,6.3
266,Shaun Livingston,PG,30,GSW,78,3,19.5,2.6,4.9,0,0.2,2.6,4.7,1,1.2,0.5,1.6,2.2,3,0.7,0.3,1,1.8,6.3
267,Timofey Mozgov,C,29,CLE,76,48,17.4,2.7,4.7,0,0.1,2.7,4.6,0.9,1.3,1.4,3,4.4,0.4,0.3,0.8,0.9,2.1,6.3
268,P.J. Hairston,SF,23,TOT,66,52,19.9,2.2,6.2,1.1,3.7,1.1,2.5,0.8,1,0.4,2.3,2.6,0.6,0.5,0.2,0.6,2.1,6.2
269,Donatas Motiejunas,PF,25,HOU,37,22,14.8,2.4,5.5,0.4,1.5,2,4,0.9,1.4,1,1.9,2.9,1.1,0.5,0.1,1.2,1.9,6.2
270,Mike Scott,PF,27,ATL,75,0,15.3,2.3,5,0.8,2.1,1.5,2.9,0.7,0.8,0.7,2,2.7,1,0.3,0.2,0.6,1.4,6.2
271,Dante Cunningham,SF,28,NOP,80,46,24.6,2.3,5.2,0.7,2.2,1.6,3,0.7,1,0.7,2.2,3,1,0.5,0.4,0.5,2.2,6.1
272,Channing Frye,PF-C,32,TOT,70,32,17.1,2.2,5,1.3,3.4,0.9,1.6,0.4,0.5,0.5,2.8,3.3,1,0.4,0.4,0.6,1.8,6.1
273,Mario Hezonja,SF,20,ORL,79,9,17.9,2.3,5.3,0.8,2.4,1.4,2.9,0.6,0.7,0.4,1.9,2.2,1.4,0.5,0.2,1.2,1.6,6.1
274,Trey Lyles,PF,20,UTA,80,33,17.3,2.4,5.5,0.6,1.6,1.8,3.9,0.7,1,0.7,3,3.7,0.7,0.3,0.2,0.8,1.4,6.1
275,T.J. McConnell,PG,23,PHI,81,17,19.8,2.7,5.7,0.4,1.1,2.3,4.6,0.3,0.5,0.5,2.6,3.1,4.5,1.2,0.1,1.7,1.4,6.1
276,Paul Pierce,SF,38,LAC,68,38,18.1,2.1,5.8,1.1,3.6,1,2.3,0.8,1,0.2,2.6,2.7,1,0.5,0.3,0.9,1.9,6.1
277,Tyler Zeller,C,26,BOS,60,3,11.8,2.3,4.8,0,0,2.3,4.8,1.5,1.8,1,1.9,3,0.5,0.2,0.4,0.8,1.6,6.1
278,Alexis Ajinca,C,27,NOP,59,17,14.6,2.5,5.3,0,0,2.5,5.3,0.9,1.1,1.3,3.3,4.6,0.5,0.3,0.6,0.9,2.3,6
279,Duje Dukan,SF,24,SAC,1,0,24,2,10,2,5,0,5,0,0,2,2,4,1,1,0,0,2,6
280,Spencer Hawes,PF,27,CHO,57,6,18.2,2.2,5.4,0.7,1.8,1.5,3.6,0.9,1.1,0.9,3.4,4.3,1.9,0.4,0.5,1,1.9,6
281,Jonathon Simmons,SG,26,SAS,55,2,14.8,2.2,4.4,0.3,0.9,1.9,3.5,1.3,1.7,0.3,1.5,1.7,1.1,0.4,0.1,1,1.9,6
282,Josh Smith,PF,30,TOT,55,7,16,2.3,6.3,0.7,2.6,1.6,3.7,0.7,1.2,0.9,2.6,3.5,1.6,0.6,0.9,1.4,2.1,6
283,Trevor Booker,PF,28,UTA,79,2,20.7,2.4,4.9,0.2,0.5,2.3,4.4,0.9,1.3,2.1,3.6,5.7,1.1,0.7,0.5,1,2.1,5.9
284,Markel Brown,SG,24,BRK,62,6,15.8,2,5.2,0.6,2,1.4,3.2,1.1,1.5,0.4,1.6,2,1.5,0.6,0.2,0.9,1.5,5.9
285,Randy Foye,SG,32,TOT,81,8,20.3,2.1,6,0.9,3.1,1.2,2.9,0.8,0.9,0.3,1.6,1.9,2,0.5,0.4,1.1,1.6,5.9
286,Roy Hibbert,C,29,LAL,81,81,23.2,2.2,5.1,0,0,2.2,5,1.4,1.8,1.6,3.3,4.9,1.2,0.4,1.4,0.9,3.1,5.9
287,J.J. Hickson,C,27,TOT,35,9,12.5,2.3,4.4,0,0,2.3,4.4,1.3,2.9,1.1,2.7,3.8,0.7,0.4,0.4,0.7,1.3,5.9
288,Raul Neto,PG,23,UTA,81,53,18.5,2.2,5.2,0.8,2,1.4,3.2,0.6,0.9,0.2,1.3,1.5,2.1,0.8,0,1.3,1.5,5.9
289,Jason Terry,SG,38,HOU,72,7,17.5,2.1,5.2,1.3,3.6,0.8,1.6,0.4,0.5,0.2,0.9,1.1,1.4,0.7,0.1,0.7,1.3,5.9
290,Rondae Hollis-Jefferson,SF,21,BRK,29,17,21.2,2.2,4.8,0.1,0.5,2,4.3,1.3,1.8,1.3,4,5.3,1.5,1.3,0.6,0.9,2.1,5.8
291,Dwight Powell,PF,24,DAL,69,2,14.4,2.1,4.3,0,0.2,2.1,4.1,1.5,2.1,1.2,2.7,4,0.6,0.5,0.3,0.6,1.7,5.8
292,Iman Shumpert,SG,25,CLE,54,5,24.4,2.1,5.6,0.8,2.7,1.3,2.9,0.7,0.9,0.6,3.2,3.8,1.7,1,0.4,1.1,2.2,5.8
293,Amar'e Stoudemire,C,33,MIA,52,36,14.7,2.4,4.3,0,0,2.4,4.3,1,1.3,1.3,3,4.3,0.5,0.3,0.8,0.9,1.8,5.8
294,Ty Lawson,PG,28,TOT,66,13,21.4,2.1,5.4,0.5,1.6,1.6,3.7,0.9,1.3,0.4,1.4,1.8,3.6,0.8,0.1,1.4,1.3,5.7
295,Jarell Martin,PF,21,MEM,27,0,14.1,2,4.3,0,0.1,2,4.2,1.7,2.3,1.4,1.7,3.2,0.6,0.3,0.3,0.7,2.1,5.7
296,Xavier Munford,SG,23,MEM,14,0,17.4,2.3,5.5,0.6,1.6,1.6,3.9,0.5,1,0.2,2,2.2,1.6,0.9,0.2,1.1,1.8,5.7
297,Greivis Vasquez,PG,29,MIL,23,0,20,2,6,0.8,3.2,1.2,2.8,1,1.1,0.2,1.8,2,4,0.4,0,1.7,1.8,5.7
298,Troy Daniels,SG,24,CHO,43,0,11.1,2.1,4.3,1.4,2.8,0.7,1.5,0.1,0.2,0.2,1.2,1.3,0.5,0.3,0.1,0.6,0.9,5.6
299,Bryce Dejean-Jones,SG,23,NOP,14,11,19.9,2,4.9,0.9,2.3,1.1,2.6,0.8,1.5,0.6,2.9,3.4,1.1,0.7,0.1,0.8,1.2,5.6
300,Jerian Grant,PG,23,NYK,76,6,16.6,2,5.1,0.3,1.3,1.7,3.8,1.3,1.6,0.3,1.6,1.9,2.3,0.7,0.1,1.1,1.3,5.6
301,Richaun Holmes,PF,22,PHI,51,1,13.8,2.2,4.4,0.2,0.9,2.1,3.5,1,1.5,1.2,1.4,2.6,0.6,0.4,0.8,0.6,1.8,5.6
302,Anthony Morrow,SG,30,OKC,68,6,13.6,2,4.9,1.2,3,0.8,1.9,0.4,0.6,0.1,0.8,0.9,0.4,0.3,0.1,0.3,0.9,5.6
303,Norman Powell,SG,22,TOR,49,24,14.8,2,4.7,0.7,1.8,1.2,2.9,0.9,1.1,0.3,1.9,2.3,1,0.6,0.2,0.7,1.2,5.6
304,Tiago Splitter,C,31,ATL,36,2,16.1,2.3,4.3,0,0.1,2.3,4.3,1.1,1.3,1.3,2.1,3.3,0.8,0.6,0.3,0.7,2,5.6
305,Cole Aldrich,C,27,LAC,60,5,13.3,2.2,3.8,0,0,2.2,3.8,1,1.4,1.4,3.4,4.8,0.8,0.8,1.1,1.1,2.3,5.5
306,Bismack Biyombo,C,23,TOR,82,22,22,1.9,3.5,0,0,1.9,3.5,1.7,2.8,2.2,5.8,8,0.4,0.2,1.6,0.9,2.7,5.5
307,Richard Jefferson,SF,35,CLE,74,5,17.9,1.9,4.2,0.9,2.3,1,1.9,0.8,1.2,0.2,1.5,1.7,0.8,0.4,0.2,0.6,1.7,5.5
308,Boban Marjanovic,C,27,SAS,54,4,9.4,1.9,3.2,0,0,1.9,3.2,1.6,2.1,1.4,2.2,3.6,0.4,0.2,0.4,0.5,1,5.5
309,Larry Nance Jr.,PF,23,LAL,63,22,20.1,2.5,4.8,0,0.2,2.5,4.6,0.5,0.7,1.6,3.3,5,0.7,0.9,0.4,0.7,2,5.5
310,Lavoy Allen,PF,26,IND,79,28,20.2,2.4,4.7,0,0,2.4,4.7,0.6,0.9,2.1,3.3,5.4,1,0.3,0.5,0.9,1.9,5.4
311,Andrew Bogut,C,31,GSW,70,66,20.7,2.5,4,0,0,2.5,4,0.3,0.7,1.7,5.3,7,2.3,0.5,1.6,1.2,3.2,5.4
312,Ronnie Price,PG,32,PHO,62,18,19.5,1.9,4.9,1.1,3.2,0.8,1.7,0.5,0.7,0.4,1.2,1.6,2.4,1.2,0.2,1.1,2.6,5.3
313,Tony Snell,SF,24,CHI,64,33,20.3,2,5.3,0.9,2.4,1.1,2.9,0.5,0.5,0.3,2.8,3.1,1,0.3,0.3,0.8,1.6,5.3
314,Anthony Tolliver,PF,30,DET,72,5,18.6,1.8,4.6,1.4,3.8,0.4,0.8,0.4,0.7,0.5,2.6,3.2,0.7,0.4,0.2,0.4,1.2,5.3
315,Quincy Acy,PF,25,SAC,59,29,14.8,2,3.6,0.3,0.8,1.7,2.8,0.8,1.2,1.1,2.1,3.2,0.5,0.5,0.4,0.5,1.7,5.2
316,Nemanja Bjelica,PF,27,MIN,60,0,17.9,1.8,3.9,0.8,2.1,1,1.8,0.7,0.9,0.8,2.7,3.5,1.4,0.4,0.4,0.8,2.6,5.1
317,Tim Frazier,PG,25,TOT,51,2,14.5,1.9,4.5,0.3,0.9,1.6,3.5,1,1.5,0.5,1.6,2.2,3.2,0.6,0,1.3,1.4,5.1
318,JaVale McGee,C,28,DAL,34,2,10.9,2.3,3.9,0,0,2.3,3.9,0.5,1.1,1.6,2.4,3.9,0.1,0.1,0.8,0.6,1.4,5.1
319,Miles Plumlee,C,27,MIL,61,14,14.3,2.3,3.8,0,0,2.3,3.8,0.6,1,1.5,2.3,3.8,0.3,0.3,0.8,0.7,1.2,5.1
320,JaKarr Sampson,SF,22,TOT,73,40,15.9,1.9,4.3,0.2,0.9,1.7,3.5,1.1,1.7,0.6,2,2.6,0.6,0.3,0.5,1,1.9,5.1
321,Charlie Villanueva,PF,31,DAL,62,4,10.7,2,5.3,0.8,2.8,1.3,2.5,0.4,0.4,0.4,2.1,2.5,0.4,0.3,0.2,0.5,1.1,5.1
322,Alan Anderson,SG,33,WAS,13,0,14.8,1.6,4.5,0.9,2.8,0.7,1.7,0.8,1.2,0.1,2,2.1,1.1,0.3,0.1,0.2,1.9,5
323,James Johnson,PF,28,TOR,57,32,16.2,2,4.2,0.4,1.2,1.6,3.1,0.7,1.2,0.5,1.7,2.2,1.2,0.5,0.6,0.9,1.5,5
324,Cameron Payne,PG,21,OKC,57,1,12.2,2,4.9,0.6,1.9,1.4,2.9,0.3,0.4,0.2,1.3,1.5,1.9,0.6,0.1,0.8,1.4,5
325,Metta World Peace,SF,36,LAL,35,5,16.9,1.6,5.1,0.7,2.4,0.8,2.7,1.1,1.6,0.5,2,2.5,0.8,0.6,0.3,0.4,1.9,5
326,Sasha Vujacic,SG,31,NYK,61,25,14.9,1.7,4.5,0.9,2.3,0.9,2.2,0.5,0.6,0.4,2,2.4,1.4,0.6,0.1,0.7,1.4,4.9
327,Spencer Dinwiddie,PG,22,DET,12,0,13.3,1.6,4.5,0.1,0.8,1.5,3.7,1.6,2.8,0.3,1.1,1.4,1.8,0.3,0,0.6,1.7,4.8
328,Kyle O'Quinn,PF,25,NYK,65,1,11.8,2,4.2,0.1,0.3,1.9,3.8,0.7,0.9,1.2,2.7,3.8,1.1,0.3,0.8,0.9,1.6,4.8
329,Andre Roberson,SG,24,OKC,70,70,22.2,1.9,3.9,0.5,1.5,1.5,2.4,0.5,0.8,1.1,2.5,3.6,0.7,0.8,0.6,0.5,1.9,4.8
330,Chris McCullough,PF,20,BRK,24,4,15.1,1.8,4.5,0.5,1.4,1.3,3.1,0.5,1,1,1.8,2.8,0.4,1.2,0.5,0.6,1.6,4.7
331,Willie Reed,PF,25,BRK,39,2,10.9,1.9,3.4,0,0,1.9,3.4,0.8,1.4,1.3,1.9,3.1,0.3,0.2,0.8,0.4,1.2,4.7
332,Beno Udrih,PG,33,TOT,44,5,16.1,2,4.5,0.3,1,1.6,3.5,0.4,0.5,0.2,1.5,1.6,2.6,0.3,0,1.2,1.2,4.7
333,Kyle Anderson,SF,22,SAS,78,11,16,1.8,3.8,0.2,0.5,1.6,3.3,0.8,1.1,0.3,2.8,3.1,1.6,0.8,0.4,0.8,1.2,4.5
334,Tyler Ennis,PG,21,MIL,46,7,14.2,1.8,4.1,0.3,0.8,1.5,3.2,0.5,0.7,0.3,1.3,1.6,2.1,0.5,0,1,1.4,4.5
335,Alonzo Gee,SF,28,NOP,73,38,22.4,1.8,3.5,0.2,0.8,1.6,2.7,0.6,0.9,0.8,2.5,3.4,1,0.9,0.2,0.8,2.3,4.5
336,Justin Holiday,SG,26,TOT,53,5,14.6,1.7,4.3,0.7,2,1,2.3,0.5,0.7,0.2,1.5,1.7,1.1,0.6,0.4,0.7,1.2,4.5
337,Marcelo Huertas,PG,32,LAL,53,0,16.4,1.8,4.3,0.3,1.2,1.5,3.2,0.5,0.5,0.3,1.4,1.7,3.4,0.5,0.1,1.5,1.4,4.5
338,Jordan McRae,PG,24,TOT,22,1,8.9,1.5,3.5,0.5,1,1.1,2.5,1,1.3,0.2,0.7,0.9,1.1,0.1,0,0.7,0.8,4.5
339,Nikola Pekovic,C,30,MIN,12,3,13,1.6,4.2,0,0,1.6,4.2,1.3,1.7,0.6,1.2,1.8,0.9,0.1,0,0.8,1.8,4.5
340,Steve Blake,PG,35,DET,58,2,17,1.6,4.1,0.9,2.6,0.7,1.5,0.3,0.3,0.2,1.4,1.5,3.4,0.4,0.1,1.4,1.2,4.4
341,Dewayne Dedmon,C,26,ORL,58,20,12.2,1.7,3.1,0,0,1.7,3.1,1,1.3,1.2,2.8,3.9,0.2,0.4,0.8,0.6,1.9,4.4
342,Jonas Jerebko,PF,28,BOS,78,0,15.1,1.5,3.7,0.6,1.4,1,2.3,0.8,1,1,2.7,3.7,0.8,0.3,0.3,0.7,1.8,4.4
343,Briante Weber,PG,23,TOT,7,4,24.1,2,5.6,0,0.7,2,4.9,0.4,0.6,1.1,2.4,3.6,3,1.3,0.4,1.3,1.7,4.4
344,Joakim Noah,C,30,CHI,29,2,21.9,1.8,4.6,0,0,1.8,4.6,0.8,1.6,3,5.8,8.8,3.8,0.6,1,1.8,2.7,4.3
345,Thomas Robinson,PF,24,BRK,71,7,12.9,1.8,4.1,0,0,1.8,4.1,0.7,1.5,1.9,3.1,5.1,0.6,0.5,0.5,1,1.6,4.3
346,C.J. Watson,PG,31,ORL,33,2,19.9,1.4,4.2,0.4,1.5,1,2.7,1,1.2,0.3,1.7,2,2.7,0.6,0.2,0.8,1.5,4.3
347,Jeff Withey,C,25,UTA,51,10,12.9,1.7,3.2,0,0,1.7,3.1,0.8,1.2,1.1,2.3,3.4,0.4,0.4,1,0.5,1.5,4.3
348,Solomon Hill,SF,24,IND,59,3,14.7,1.6,3.5,0.4,1.3,1.2,2.3,0.6,0.7,0.7,2.2,2.8,1,0.6,0.2,0.6,1.2,4.2
349,Joe Ingles,SF,28,UTA,81,2,15.3,1.5,3.6,1,2.6,0.5,1,0.2,0.2,0.2,1.6,1.9,1.2,0.7,0,0.8,1.2,4.2
350,Tyus Jones,PG,19,MIN,37,0,15.5,1.5,4.2,0.4,1.4,1.1,2.8,0.8,1.1,0.2,1.1,1.3,2.9,0.8,0.1,0.9,0.9,4.2
351,Ryan Kelly,PF,24,LAL,36,0,13.1,1.5,4.1,0.1,1,1.4,3.1,1,1.5,0.6,2.8,3.4,0.6,0.4,0.3,0.5,1.1,4.2
352,Brandon Rush,SG,30,GSW,72,25,14.7,1.5,3.6,0.9,2.2,0.6,1.4,0.3,0.4,0.3,2.2,2.5,0.8,0.3,0.3,0.5,0.8,4.2
353,Elton Brand,C,36,PHI,17,1,13.2,1.8,4.2,0,0.1,1.8,4.2,0.5,0.5,0.5,3.2,3.7,1.1,0.5,0.5,0.6,1.9,4.1
354,Chase Budinger,SF,27,TOT,66,2,14.1,1.6,3.6,0.4,1.3,1.2,2.3,0.6,0.8,0.7,1.6,2.3,1,0.5,0.2,0.7,0.9,4.1
355,John Jenkins,SG,24,TOT,43,3,11.2,1.7,3.7,0.4,1.2,1.3,2.5,0.5,0.6,0.2,1.1,1.3,0.8,0.2,0,0.6,0.5,4.1
356,Omer Asik,C,29,NOP,68,64,17.3,1.5,2.9,0,0,1.5,2.9,0.9,1.6,1.8,4.3,6.1,0.4,0.3,0.3,0.9,1.8,4
357,Anthony Brown,SF,23,LAL,29,11,20.7,1.3,4.3,0.7,2.4,0.7,1.9,0.6,0.7,0.3,2.1,2.4,0.7,0.5,0.2,0.5,1.2,4
358,Rakeem Christmas,PF,24,IND,1,0,6,2,2,0,0,2,2,0,0,1,0,1,0,0,0,0,1,4
359,Darrun Hilliard,SG,22,DET,38,2,10.1,1.4,3.4,0.5,1.3,0.9,2.1,0.8,1.1,0.1,1.1,1.2,0.7,0.2,0,0.5,0.7,4
360,Brian Roberts,PG,30,TOT,51,0,9.2,1.5,3.2,0.3,0.8,1.2,2.4,0.8,0.9,0.1,0.7,0.8,1.1,0.2,0,0.5,0.7,4
361,Chris Andersen,C,37,TOT,27,15,14.9,1.4,2.7,0.1,0.5,1.3,2.1,0.9,1.3,1.3,2.3,3.6,0.4,0.6,0.5,0.3,1.1,3.9
362,Kevin Seraphin,C,26,NYK,48,0,11,1.8,4.3,0,0,1.8,4.2,0.4,0.5,0.6,2,2.6,1,0.2,0.8,0.9,1.4,3.9
363,Justin Anderson,SF,22,DAL,55,9,11.8,1.3,3.2,0.4,1.5,0.9,1.7,0.8,1,0.3,2.1,2.4,0.5,0.3,0.5,0.4,0.8,3.8
364,Glenn Robinson,SF,22,IND,45,4,11.3,1.4,3.4,0.3,0.8,1.1,2.5,0.6,0.9,0.3,1.2,1.5,0.6,0.4,0.2,0.4,0.5,3.8
365,Delon Wright,PG,23,TOR,27,1,8.5,1.3,3,0.2,0.5,1.1,2.5,1,1.3,0.3,1.1,1.4,1.1,0.3,0.1,0.6,0.3,3.8
366,Joe Young,PG,23,IND,41,0,9.4,1.5,4.1,0.2,1.1,1.3,3,0.5,0.6,0.1,1.1,1.2,1.6,0.4,0,0.8,0.7,3.8
367,Caron Butler,SF,35,SAC,17,1,10.4,1.5,3.5,0.2,1.1,1.3,2.4,0.6,0.7,0.3,1,1.3,0.6,0.5,0.1,0.2,1.1,3.7
368,Orlando Johnson,SG,26,TOT,7,1,14.4,1.3,4.9,0.3,1.4,1,3.4,0.9,1.1,0.6,1.6,2.1,0.3,0.4,0.4,0.6,1.3,3.7
369,James Jones,SF,35,CLE,48,0,9.6,1.2,3,0.9,2.2,0.4,0.8,0.4,0.5,0.2,0.9,1,0.3,0.2,0.2,0.3,1,3.7
370,Kendall Marshall,PG,24,PHI,30,6,13.3,1.4,3.9,0.5,1.6,0.9,2.3,0.3,0.4,0.1,0.9,0.9,2.4,0.5,0.1,1.4,1,3.7
371,Salah Mejri,C,29,DAL,34,6,11.7,1.4,2.3,0,0,1.4,2.3,0.8,1.4,1.2,2.4,3.6,0.3,0.2,1.1,0.7,1.6,3.7
372,Andre Miller,PG,39,TOT,39,4,11.8,1.5,2.7,0.1,0.2,1.5,2.5,0.6,0.8,0.3,1,1.3,2.2,0.4,0,0.9,1.2,3.7
373,Shabazz Napier,PG,24,ORL,55,0,10.9,1.2,3.7,0.6,1.9,0.6,1.8,0.6,0.8,0.2,0.8,1,1.8,0.4,0,0.8,0.7,3.7
374,Kelly Oubre,SF,20,WAS,63,9,10.7,1.4,3.3,0.4,1.3,1,2.1,0.5,0.8,0.4,1.7,2.1,0.2,0.3,0.1,0.5,1.6,3.7
375,Ian Clark,SG,24,GSW,66,1,8.8,1.3,3.1,0.5,1.3,0.9,1.8,0.4,0.5,0.2,0.8,1,1,0.3,0.2,0.7,0.9,3.6
376,Montrezl Harrell,PF,22,HOU,39,1,9.7,1.5,2.3,0,0,1.5,2.3,0.6,1.2,0.6,1,1.7,0.4,0.3,0.3,0.4,1.2,3.6
377,Josh McRoberts,PF,28,MIA,42,1,14.2,1.3,3.5,0.3,1.2,1,2.4,0.7,1,0.5,2,2.5,1.9,0.4,0.2,0.7,1.6,3.6
378,Axel Toupane,SF,23,DEN,21,0,14.5,1.2,3.3,0.6,1.9,0.6,1.4,0.6,0.8,0.4,1.1,1.5,0.7,0.3,0.3,0.3,1.9,3.6
379,Noah Vonleh,PF,20,POR,78,56,15.1,1.5,3.6,0.1,0.6,1.4,3,0.5,0.7,1.2,2.7,3.9,0.4,0.3,0.3,0.6,1.9,3.6
380,Christian Wood,PF,20,PHI,17,0,8.5,1.3,3.1,0.2,0.6,1.1,2.5,0.8,1.2,0.8,1.5,2.2,0.2,0.3,0.4,0.1,0.6,3.6
381,Jordan Adams,SG,21,MEM,2,0,7.5,1,3,0,0.5,1,2.5,1.5,2.5,0,1,1,1.5,1.5,0,1,1,3.5
382,James Anderson,SG,26,SAC,51,15,14.1,1.3,3.5,0.5,1.7,0.9,1.8,0.4,0.6,0.3,1.4,1.7,0.8,0.4,0.3,0.8,1.1,3.5
383,Robert Sacre,C,26,LAL,25,1,12.8,1.2,3,0,0,1.2,3,1,1.5,1.3,1.6,2.9,0.6,0.2,0.4,0.5,1.7,3.5
384,Tarik Black,C,24,LAL,39,0,12.7,1.5,2.7,0,0,1.5,2.7,0.5,1.2,1.1,2.9,4,0.4,0.4,0.5,0.6,2,3.4
385,Cristiano Felicio,C,23,CHI,31,4,10.4,1.3,2.3,0,0.1,1.3,2.2,0.8,1.1,1,2.3,3.3,0.8,0.2,0.4,0.4,1,3.4
386,Ryan Hollins,C,31,TOT,37,12,12.4,1.3,2.1,0,0,1.3,2.1,0.7,1.1,1.3,1.4,2.6,0.3,0.2,0.6,0.6,1.7,3.4
387,Kyle Singler,SF,27,OKC,68,2,14.4,1.3,3.3,0.4,1.4,0.8,1.8,0.4,0.6,0.7,1.3,2.1,0.4,0.4,0.1,0.5,1.8,3.4
388,Reggie Bullock,SF,24,DET,37,0,11.6,1.2,2.6,0.6,1.4,0.6,1.2,0.4,0.4,0.4,1.5,1.8,0.7,0.3,0.1,0.2,0.8,3.3
389,Ray McCallum,PG,24,TOT,41,6,11.6,1.3,3.6,0.4,1,1,2.5,0.3,0.4,0.2,1,1.1,1.5,0.3,0.2,0.6,0.7,3.3
390,Mike Muscala,C,24,ATL,60,0,9.4,1.3,2.5,0.2,0.7,1.1,1.9,0.5,0.7,0.6,1.3,2,0.6,0.2,0.5,0.5,1.2,3.3
391,Phil Pressey,PG,24,TOT,23,0,12.3,1.3,3.4,0.2,0.8,1.1,2.6,0.6,1.1,0.1,1.2,1.3,3.3,0.8,0.2,1.4,1.2,3.3
392,Kevin Garnett,PF,39,MIN,38,38,14.6,1.4,3,0,0,1.4,3,0.4,0.6,0.4,3.6,3.9,1.6,0.7,0.3,0.4,1.8,3.2
393,Luc Mbah a Moute,PF,29,LAC,75,61,17,1.3,2.8,0.2,0.5,1.1,2.2,0.4,0.8,0.8,1.5,2.3,0.4,0.6,0.3,0.5,1.3,3.1
394,Jason Thompson,C,29,TOT,47,7,10,1.1,2.3,0.1,0.3,1,2,0.8,1.1,0.7,2.2,2.9,0.6,0.3,0.4,0.3,1.7,3.1
395,Rashad Vaughn,SG,19,MIL,70,6,14.3,1.2,3.8,0.6,2.1,0.5,1.7,0.2,0.2,0.2,1.1,1.3,0.6,0.4,0.2,0.4,1,3.1
396,Thanasis Antetokounmpo,SF,23,NYK,2,0,3,1.5,2,0,0.5,1.5,1.5,0,0,0,0.5,0.5,0,0,0,0,1,3
397,Kirk Hinrich,PG,35,TOT,46,7,13.7,1.1,2.8,0.5,1.3,0.5,1.5,0.3,0.3,0.2,1.3,1.5,1.6,0.3,0,0.7,1.4,3
398,Johnny O'Bryant,PF,22,MIL,66,4,13,1.3,3.2,0,0,1.3,3.2,0.4,0.6,1,1.7,2.7,0.5,0.3,0.1,0.5,1.5,3
399,C.J. Wilcox,SG,25,LAC,23,0,7.3,1.1,2.9,0.4,1,0.7,1.9,0.4,0.5,0,0.5,0.5,0.4,0.4,0.1,0.1,0.7,3
400,Chris Johnson,SF,25,UTA,70,2,12.2,1,2.8,0.4,1.4,0.6,1.4,0.5,0.6,0.4,1.5,1.9,0.6,0.5,0.3,0.6,1.4,2.9
401,James Michael McAdoo,PF,23,GSW,41,1,6.4,1.1,2,0,0,1.1,2,0.6,1.2,0.7,0.7,1.4,0.4,0.2,0.2,0.4,1,2.9
402,Tayshaun Prince,SF,35,MIN,77,44,19,1.3,3,0.1,0.3,1.3,2.7,0.2,0.2,0.4,1.5,1.9,0.9,0.5,0.2,0.4,0.8,2.9
403,Alan Williams,PF,23,PHO,10,0,6.8,1,2.4,0,0,1,2.4,0.9,1.4,1.4,2.4,3.8,0.5,0.4,0.5,0.6,1.5,2.9
404,Andrew Goudelock,PG,27,HOU,8,0,6.3,1.1,2.5,0.1,1.1,1,1.4,0.4,0.5,0.1,0.1,0.3,0.5,0.8,0.3,0.9,0.5,2.8
405,Josh Huestis,PF,24,OKC,5,0,11,1,2.4,0.8,1.2,0.2,1.2,0,0.8,0.4,1.6,2,0,0.2,0.4,0.6,0.6,2.8
406,Cory Jefferson,PF,25,PHO,8,0,6.3,1.1,2.8,0,0.1,1.1,2.6,0.5,0.8,0.8,1.3,2,0,0,0.1,0,1,2.8
407,Chris Kaman,C,33,POR,16,2,7,1.3,2.7,0.1,0.3,1.2,2.4,0.2,0.2,0.4,1.1,1.5,0.7,0.1,0.1,0.5,0.9,2.8
408,Alex Stepheson,PF,28,TOT,8,0,9.1,1.1,3.4,0,0,1.1,3.4,0.5,1.5,2.4,1.1,3.5,0.3,0.1,0.6,0,1.5,2.8
409,Rasual Butler,SF,36,SAS,46,0,9.4,1.1,2.3,0.3,1.1,0.7,1.2,0.2,0.3,0.1,1.2,1.2,0.5,0.3,0.5,0.2,0.2,2.7
410,Jared Cunningham,SG,24,TOT,44,3,9.3,0.8,2.4,0.3,0.9,0.5,1.5,0.8,1.3,0.1,0.8,0.9,0.5,0.3,0,0.5,0.9,2.7
411,Drew Gooden,PF,34,WAS,30,0,10.2,1.1,3.4,0.2,1.4,0.9,2.1,0.3,0.5,0.9,1.9,2.8,0.4,0.3,0.4,0.4,1.3,2.7
412,R.J. Hunter,SG,22,BOS,36,0,8.8,1,2.7,0.5,1.8,0.5,1,0.2,0.2,0.1,1,1,0.4,0.4,0.1,0.3,0.8,2.7
413,Justin Harper,PF,26,DET,5,0,7,0.8,2,0.8,1.8,0,0.2,0.2,0.4,0,0.2,0.2,0,0.2,0,0.4,0.6,2.6
414,Kostas Papanikolaou,SF,25,DEN,26,6,11.3,0.9,2.5,0.4,1.2,0.5,1.3,0.3,0.5,0.3,1.2,1.5,0.6,0.5,0.2,0.8,0.9,2.6
415,Anderson Varejao,C,33,TOT,53,0,9.4,1,2.3,0,0,1,2.3,0.6,0.9,0.7,2,2.7,0.7,0.3,0.2,0.4,1.3,2.6
416,Matt Bonner,C,35,SAS,30,2,6.9,1,1.9,0.5,1.1,0.5,0.8,0.1,0.1,0.1,0.8,0.9,0.3,0.2,0,0.1,0.5,2.5
417,Lorenzo Brown,PG,25,PHO,8,0,7.6,1,3.1,0.1,1,0.9,2.1,0.4,0.5,0,0.9,0.9,1.4,0.4,0.1,1.1,0.5,2.5
418,Adreian Payne,PF,24,MIN,52,2,9.3,1,2.8,0.2,0.6,0.8,2.2,0.3,0.5,0.4,1.8,2.1,0.6,0.3,0.2,0.7,1.5,2.5
419,Kendrick Perkins,C,31,NOP,37,5,14.6,1.1,2,0,0,1.1,2,0.3,0.7,0.7,2.8,3.5,0.8,0.3,0.3,1.1,1.7,2.5
420,Pablo Prigioni,PG,38,LAC,59,3,13.9,0.9,2.5,0.5,1.6,0.5,0.9,0.1,0.1,0.6,1.3,1.9,2.2,0.9,0,0.8,1.4,2.5
421,Sonny Weems,SG-SF,29,TOT,43,0,11.6,1,2.6,0.3,1,0.6,1.6,0.2,0.3,0.2,1.1,1.2,1.1,0.2,0,1,1.1,2.5
422,Jarell Eddie,SF,24,WAS,26,0,5.7,0.8,2.5,0.6,1.8,0.2,0.7,0.3,0.3,0.1,0.8,0.9,0.2,0.2,0,0,0.2,2.4
423,Jeremy Evans,SF,28,DAL,30,2,8.4,0.9,1.6,0.1,0.5,0.7,1.1,0.5,0.7,0.4,1.4,1.8,0.1,0.2,0.3,0.2,0.6,2.4
424,Tyler Hansbrough,PF,30,CHO,44,0,7.8,0.7,1.6,0,0.1,0.7,1.5,0.9,1.5,0.9,1.1,2,0.2,0.3,0.2,0.3,1.3,2.4
425,Sergey Karasev,SF,22,BRK,40,5,10,0.8,1.9,0.3,0.9,0.5,0.9,0.7,0.7,0.2,1.3,1.5,0.9,0.2,0.1,0.6,0.7,2.4
426,K.J. McDaniels,SF,22,HOU,37,1,6.4,0.8,1.9,0.2,0.7,0.6,1.3,0.6,0.8,0.4,0.7,1.1,0.3,0.2,0.2,0.5,0.8,2.4
427,Steve Novak,PF,32,TOT,10,0,4.4,0.8,1.8,0.7,1.5,0.1,0.3,0.1,0.1,0,0.5,0.5,0,0,0,0.1,0.3,2.4
428,Lamar Patterson,SG,24,ATL,35,0,11.3,0.8,2.3,0.3,1.4,0.5,0.9,0.5,0.6,0.1,1.3,1.4,1.1,0.3,0.1,0.7,1.3,2.4
429,Greg Smith,PF,25,MIN,18,0,10.7,1,1.8,0,0,1,1.8,0.4,0.9,0.7,1.7,2.3,0.3,0.2,0.1,0.4,1.6,2.4
430,Damjan Rudez,SF,29,MIN,33,0,8.4,0.8,1.9,0.5,1.5,0.2,0.4,0.2,0.2,0.2,0.5,0.6,0.3,0.1,0,0.4,1,2.3
431,Walter Tavares,C,23,ATL,11,0,6.6,1,1.7,0,0,1,1.7,0.3,0.7,0.6,1.3,1.9,0.3,0.1,0.5,0.5,0.7,2.3
432,Lucas Nogueira,C,23,TOR,29,1,7.8,1,1.5,0,0.1,0.9,1.4,0.3,0.5,0.6,1,1.6,0.2,0.4,0.4,0.4,1,2.2
433,DeJuan Blair,C,26,WAS,29,0,7.5,1,2.3,0,0,1,2.3,0.2,0.4,0.7,1.3,2,0.4,0.3,0.1,0.5,1.8,2.1
434,Nick Collison,PF,35,OKC,59,4,11.8,0.8,1.8,0,0,0.8,1.8,0.4,0.6,1.2,1.7,2.9,0.9,0.3,0.3,0.8,1.8,2.1
435,Chris Copeland,PF,31,MIL,24,1,6.5,0.7,2.1,0.4,1.5,0.3,0.6,0.3,0.3,0,0.4,0.4,0.5,0.1,0,0.3,0.7,2.1
436,Devyn Marble,SG,23,ORL,28,0,8.9,0.8,2.5,0.3,1.1,0.5,1.4,0.4,0.9,0.2,1.1,1.4,0.4,0.5,0,0.3,0.9,2.1
437,Coty Clarke,SF,23,BOS,3,0,2,0.7,1.3,0.7,0.7,0,0.7,0,0,0,0.3,0.3,0,0,0,0.3,0,2
438,Chuck Hayes,C,32,HOU,2,0,12,0.5,1,0,0,0.5,1,1,1,0,4,4,1,0,0,1.5,3,2
439,Tibor Pleiss,C,26,UTA,12,0,6.8,0.9,2.1,0,0.2,0.9,1.9,0.2,0.2,0.5,0.8,1.3,0.2,0.1,0.2,0.7,1.6,2
440,Cameron Bairstow,C,25,CHI,18,2,5.7,0.7,2.2,0.1,0.3,0.7,1.9,0.4,0.4,0.2,1.3,1.6,0.3,0.1,0.2,0.2,1.1,1.9
441,Lou Amundson,PF,33,NYK,29,0,7,0.7,1.8,0,0,0.7,1.8,0.5,0.9,0.8,0.9,1.7,0.4,0.2,0.2,0.5,1.5,1.8
442,Jeff Ayres,C,28,LAC,17,0,6.3,0.7,1.4,0,0.1,0.7,1.3,0.4,0.4,0.2,1.1,1.3,0.3,0,0.2,0.4,1.1,1.8
443,Cleanthony Early,SF,24,NYK,17,2,9.1,0.7,2.4,0.2,0.9,0.5,1.5,0.2,0.2,0.2,1.3,1.5,0.4,0.1,0.2,0.5,0.9,1.8
444,Jorge Gutierrez,PG,27,CHO,12,0,5.3,0.5,0.9,0,0.2,0.5,0.8,0.8,0.9,0,0.6,0.6,1.4,0.3,0,0.5,0.3,1.8
445,Damien Inglis,SF,20,MIL,20,1,7.8,0.7,1.9,0.2,0.7,0.5,1.2,0.4,0.4,0.1,1.5,1.6,0.5,0.3,0.2,0.6,0.6,1.8
446,Kevon Looney,PF,19,GSW,5,0,4.2,0.8,1.4,0.2,0.4,0.6,1,0,0,0.8,1.2,2,0,0,0,0.2,0.4,1.8
447,Elijah Millsap,SG,28,UTA,20,0,8.7,0.6,2,0.1,0.6,0.5,1.4,0.7,0.9,0.3,1.5,1.8,1,0.4,0.2,0.5,1.7,1.8
448,Terry Rozier,PG,21,BOS,39,0,8,0.7,2.7,0.2,0.7,0.6,2,0.2,0.3,0.6,1,1.6,0.9,0.2,0,0.5,0.6,1.8
449,Udonis Haslem,PF,35,MIA,37,0,7,0.6,1.6,0,0.2,0.6,1.4,0.3,0.4,0.3,1.8,2,0.4,0.1,0.1,0.1,0.7,1.6
450,Nazr Mohammed,C,38,OKC,5,0,3.8,0.6,1,0,0,0.6,1,0.4,0.4,0.2,0.6,0.8,0,0,0,0.6,0.8,1.6
451,Shayne Whittington,PF,24,IND,7,0,5.9,0.7,1.6,0,0.3,0.7,1.3,0.1,0.3,0.7,1,1.7,0.4,0.1,0.1,0.7,1,1.6
452,Elliot Williams,PG,26,MEM,5,0,9,0.4,2,0.2,0.8,0.2,1.2,0.6,0.8,0.2,0.6,0.8,0.8,0,0,0.2,0.4,1.6
453,Anthony Bennett,PF,22,TOR,19,0,4.4,0.4,1.4,0.2,0.7,0.3,0.7,0.5,0.5,0.3,0.9,1.2,0,0.3,0,0.2,0.4,1.5
454,Jimmer Fredette,SG,26,TOT,6,0,3,0.3,0.8,0.2,0.3,0.2,0.5,0.7,0.8,0,0,0,0.2,0.2,0,0.3,0.3,1.5
455,Russ Smith,PG,24,MEM,15,0,4.4,0.5,1.5,0.1,0.3,0.4,1.1,0.5,0.9,0.1,0.5,0.6,0.7,0.3,0.1,0.5,0.3,1.5
456,Erick Green,PG,24,TOT,9,0,4.7,0.6,1.4,0.1,0.6,0.4,0.9,0.2,0.2,0.3,0.3,0.7,0.3,0.1,0,0,0.4,1.4
457,Cliff Alexander,PF,20,POR,8,0,4.5,0.6,1.3,0,0,0.6,1.3,0,0,0.3,0.5,0.8,0,0.1,0.3,0.1,0.1,1.3
458,Mitch McGary,PF,23,OKC,20,0,3.6,0.6,1.2,0,0.2,0.6,1,0.2,0.5,0.2,0.7,0.9,0.2,0.1,0.1,0.4,0.5,1.3
459,Jordan Mickey,PF,21,BOS,16,0,3.6,0.5,1.4,0,0,0.5,1.4,0.3,0.6,0.4,0.4,0.8,0.1,0,0.7,0.1,0.3,1.3
460,Mike Miller,SF,35,DEN,47,2,7.9,0.5,1.3,0.4,1.1,0.1,0.2,0,0,0.1,1,1.1,0.9,0.3,0.1,0.4,1.1,1.3
461,Keith Appling,PG,23,ORL,5,0,5.4,0.4,1.6,0,0.6,0.4,1,0.4,0.4,0,0.2,0.2,0.2,0.2,0,0.6,1,1.2
462,Luis Montero,SG,22,POR,12,0,3.5,0.4,1.6,0.1,0.8,0.3,0.8,0.3,0.3,0,0.3,0.3,0.1,0,0,0.3,0.1,1.2
463,Pat Connaughton,SG,23,POR,34,0,4.2,0.4,1.4,0.1,0.6,0.2,0.8,0.1,0.1,0.3,0.6,0.9,0.3,0.1,0,0.3,0.2,1.1
464,Bryce Cotton,PG,23,TOT,8,0,4.9,0.5,1.3,0,0.4,0.5,0.9,0,0,0,0,0,0.4,0.4,0,0.6,0.3,1
465,Eric Moreland,PF,24,SAC,8,0,6,0.4,0.8,0,0,0.4,0.8,0.3,0.5,0.4,1,1.4,0.1,0,0.5,0.4,0.5,1
466,Jarnell Stokes,C,22,TOT,7,0,2.6,0.4,0.7,0,0,0.4,0.7,0.1,0.3,0.1,0.4,0.6,0.1,0.1,0,0,0.1,1
467,James Young,SG,20,BOS,29,0,6.9,0.4,1.2,0.2,0.9,0.2,0.3,0,0.1,0.1,0.8,0.9,0.3,0.2,0,0.2,0.6,1
468,Joel Anthony,C,33,DET,19,0,5.1,0.3,0.5,0,0,0.3,0.5,0.3,0.4,0.4,0.7,1.1,0.1,0.1,0.6,0.1,0.8,0.9
469,Aaron Harrison,SG,21,CHO,21,0,4.4,0.2,0.9,0.1,0.5,0.1,0.4,0.2,0.6,0.2,0.5,0.7,0.1,0.3,0,0.2,0.5,0.9
470,Sasha Kaun,C,30,CLE,25,0,3.8,0.4,0.7,0,0,0.4,0.7,0.2,0.4,0.5,0.6,1,0.1,0.2,0.2,0.3,0.4,0.9
471,Branden Dawson,PF,22,LAC,6,0,4.8,0.3,0.8,0,0,0.3,0.8,0.2,0.2,0.3,0.3,0.7,0,0,0.2,0,0.3,0.8
472,Joe Harris,SG,24,CLE,5,0,3,0.2,0.8,0.2,0.8,0,0,0,0,0,0.6,0.6,0.4,0,0,0.2,0.2,0.6
473,Bruno Caboclo,SF,20,TOR,6,1,7.2,0.2,2,0.2,1.2,0,0.8,0,0,0.2,0.2,0.3,0.2,0.3,0.2,0.7,0.3,0.5
474,Sam Dekker,SF,21,HOU,3,0,2,0,0,0,0,0,0,0,0,0,0.3,0.3,0,0.3,0,0,0,0
475,J.J. O'Brien,SF,23,UTA,2,0,3,0,0.5,0,0,0,0.5,0,0,0,0.5,0.5,0,0.5,0,0,0.5,0
476,Nate Robinson,PG,31,NOP,2,1,11.5,0,0.5,0,0.5,0,0,0,0,0,0,0,2,0.5,0,0,2.5,0
