PassengerId,Pclass,Sex,Age,SibSp,Parch,Ticket,Fare,Cabin,Embarked,Survived
1,2,female,22,0,1,2,21,Other,S,Yes
2,2,male,38,0,1,2,21,Other,S,No
3,3,male,26,0,0,2,7.925,Other,S,Yes
4,3,male,35,0,0,2,7.125,Other,S,No
5,3,male,35,0,0,2,7.925,Other,S,No
6,3,male,,1,0,2,7.925,Other,S,Yes
7,3,male,54,0,0,2,7.125,Other,S,No
8,3,male,2,0,0,2,7.925,Other,S,No
9,3,male,27,0,0,2,7.925,Other,S,Yes
10,3,male,14,0,0,2,7.925,Other,S,No
11,3,male,4,0,0,2,7.925,Other,S,No
12,3,male,58,0,0,2,7.125,Other,S,No
13,3,male,20,0,0,2,7.925,Other,S,No
14,3,male,39,0,0,2,7.925,Other,S,Yes
15,3,male,14,0,0,2,7.925,Other,S,Yes
16,3,male,55,0,0,2,7.925,Other,S,No
17,2,female,2,0,0,3,10.5,E,S,No
18,2,male,,0,0,3,10.5,Other,S,No
19,1,male,31,0,0,680,50,C,S,No
20,1,male,,0,0,693,26,Other,S,No
21,1,male,35,0,0,694,26,Other,S,No
22,1,male,34,0,0,695,5,B,S,No
23,2,male,15,0,0,751,10.5,Other,S,Yes
24,2,male,28,0,0,752,10.5,Other,S,Yes
25,3,male,8,0,0,752,7.55,Other,S,Yes
26,3,male,38,1,1,851,14.5,Other,S,No
27,3,male,,0,2,851,14.5,Other,S,No
28,2,male,19,0,0,1166,12.525,Other,S,No
29,2,male,,0,0,1585,12.275,Other,S,No
30,3,male,,0,0,1601,56.4958,Other,S,Yes
31,3,male,40,0,0,1601,56.4958,NA,S,Yes
32,3,male,,0,0,1601,56.4958,Other,S,Yes
33,3,male,,0,0,1601,56.4958,Other,S,No
34,2,female,66,0,0,1748,12,Other,C,Yes
35,2,male,28,1,0,2003,26,Other,S,No
36,2,female,42,1,0,2003,26,Other,S,Yes
37,2,male,,0,2,2079,37.0042,Other,C,Yes
38,2,male,21,1,1,2079,37.0042,Other,C,No
39,2,female,18,1,1,2079,37.0042,Other,C,Yes
40,2,female,14,1,2,2123,41.5792,Other,C,Yes
41,2,female,40,1,2,2123,41.5792,Other,C,Yes
42,2,male,27,1,2,2123,41.5792,Other,C,No
43,2,female,,1,2,2123,41.5792,Other,C,Yes
44,2,male,3,0,0,2133,15.0458,Other,C,No
45,3,male,19,5,2,2144,46.9,NA,S,No
46,3,male,,5,2,2144,46.9,Other,S,No
47,3,male,,5,2,2144,46.9,Other,S,No
48,3,female,,5,2,2144,46.9,Other,S,No
49,3,female,,5,2,2144,46.9,Other,S,No
50,3,male,18,5,2,2144,46.9,Other,S,No
51,3,male,7,1,6,2144,46.9,Other,S,No
52,3,female,21,1,6,2144,46.9,Other,S,No
53,2,male,49,0,0,2147,13.8583,Other,C,Yes
54,2,female,29,1,0,2148,13.8583,Other,C,Yes
55,2,female,65,1,0,2149,13.8583,Other,C,Yes
56,3,male,,0,0,2151,8.05,Other,S,No
57,3,male,21,0,0,2152,8.05,Other,S,No
58,2,male,28.5,0,0,2163,12.875,D,C,No
59,2,male,5,0,0,2166,13.8625,D,C,Yes
60,2,male,11,1,0,2167,27.7208,Other,C,No
61,2,female,22,1,0,2167,27.7208,Other,C,Yes
62,2,male,38,0,0,2168,15.0333,Other,C,No
63,3,male,45,0,0,2223,8.3,Other,S,No
64,3,female,4,0,0,2314,7.55,Other,S,Yes
65,3,male,,1,2,2315,20.575,Other,S,Yes
66,3,female,,1,2,2315,20.575,Other,S,Yes
67,3,male,29,1,2,2315,20.575,Other,S,No
68,3,female,19,1,2,2315,20.575,Other,S,Yes
69,3,male,17,8,2,2343,69.55,Other,S,No
70,1,male,26,0,0,2543,28.5375,C,C,Yes
71,3,male,32,0,0,2620,7.225,Other,C,Yes
72,3,male,16,0,0,2623,7.225,Other,C,No
73,3,male,21,0,1,2625,8.5167,Other,C,Yes
74,3,female,26,1,1,2625,8.5167,Other,C,Yes
75,3,female,32,0,0,2627,14.4583,Other,C,No
76,3,male,25,0,0,2628,7.225,Other,C,No
77,3,male,,0,0,2648,4.0125,Other,C,No
78,3,male,,1,1,2650,15.2458,Other,C,Yes
79,3,female,0.83,1,1,2650,15.2458,Other,C,Yes
80,3,female,30,0,2,2650,15.2458,Other,C,Yes
81,3,male,22,1,0,2651,11.2417,Other,C,Yes
82,3,female,29,1,0,2651,11.2417,Other,C,Yes
83,3,female,,0,2,2653,15.7417,Other,C,Yes
84,3,male,28,1,1,2653,15.7417,Other,C,Yes
85,3,female,17,1,1,2653,15.7417,Other,C,Yes
86,3,male,33,0,0,2654,7.2292,F,C,Yes
87,3,male,16,0,0,2656,7.225,Other,C,No
88,3,female,,0,0,2657,7.2292,Other,C,Yes
89,3,male,23,0,0,2658,7.225,Other,C,Yes
90,3,male,24,1,0,2659,14.4542,Other,C,No
91,3,female,29,1,0,2659,14.4542,NA,C,Yes
92,3,male,20,0,0,2663,7.2292,Other,C,Yes
93,3,female,46,1,0,2665,14.4542,Other,C,No
94,3,female,26,2,1,2666,19.2583,Other,C,Yes
95,3,female,59,2,1,2666,19.2583,Other,C,Yes
96,3,female,,2,1,2666,19.2583,Other,C,Yes
97,3,female,71,0,3,2666,19.2583,Other,C,Yes
98,3,female,23,0,0,2667,7.225,Other,C,Yes
99,3,male,34,0,0,2669,7.2292,Other,C,No
100,3,male,34,0,0,2670,7.225,Other,C,No
101,3,male,28,0,0,2672,7.225,Other,C,No
102,3,male,,0,2,2673,20.25,Other,S,No
103,3,male,21,1,1,2673,20.25,Other,S,No
104,3,female,33,1,1,2673,20.25,Other,S,Yes
105,3,male,37,0,2,2675,7.2292,Other,C,No
106,3,male,28,1,1,2678,15.2458,Other,C,No
107,3,female,21,1,1,2678,15.2458,Other,C,No
108,3,male,,0,0,2679,7.225,Other,C,No
109,3,male,38,1,0,2680,14.4542,Other,C,No
110,3,male,,1,0,2680,14.4542,NA,C,No
111,3,male,47,0,0,2682,7.2292,NA,C,No
112,3,male,14.5,0,0,2683,6.4375,NA,C,No
113,3,male,22,0,0,2685,7.2292,Other,C,No
114,3,female,20,0,0,2687,7.2292,Other,C,Yes
115,3,female,17,0,0,2688,7.2292,Other,C,Yes
116,3,male,21,1,1,2690,7.2292,Other,C,No
117,3,female,70.5,0,1,2691,14.4542,Other,C,No
118,3,female,29,0,1,2691,14.4542,Other,C,No
119,3,male,24,0,0,2692,7.225,Other,C,No
120,3,male,2,0,0,2693,7.2292,Other,C,No
121,3,male,21,0,0,2694,7.225,Other,C,No
122,3,male,,1,1,2695,7.2292,Other,C,No
123,3,female,32.5,0,0,2696,7.225,Other,C,Yes
124,3,male,32.5,0,0,2697,7.2292,Other,C,No
125,3,male,54,0,0,2698,7.225,Other,C,No
126,3,male,12,0,0,2699,18.7875,Other,C,Yes
127,3,male,,0,0,2699,18.7875,Other,C,No
128,2,male,24,1,0,2908,26,Other,S,Yes
129,2,female,,1,0,2908,26,Other,S,Yes
130,2,male,45,1,0,2926,26,Other,S,No
131,2,female,33,1,0,2926,26,Other,S,Yes
132,2,male,20,1,0,3085,26,Other,S,No
133,2,female,47,1,0,3085,26,Other,S,Yes
134,3,male,29,1,0,3336,16.1,Other,S,No
135,3,female,25,1,0,3336,16.1,Other,S,No
136,3,male,23,1,0,3337,14.5,Other,S,No
137,3,female,19,1,0,3337,14.5,Other,S,No
138,3,male,37,0,0,3338,8.05,Other,S,No
139,2,male,16,1,0,3381,24,Other,C,No
140,2,female,24,1,0,3381,24,Other,C,Yes
141,3,male,,1,0,3460,7.0458,Other,S,No
142,3,male,22,0,0,3464,8.1583,NA,S,No
143,3,male,24,0,0,3474,7.8875,Other,S,No
144,3,male,19,0,0,3536,8.05,Other,S,No
145,3,male,18,0,0,3540,8.05,Other,S,Yes
146,3,male,19,0,0,3594,8.05,Other,S,No
147,3,male,27,0,0,3701,5,Other,S,No
148,3,male,9,0,0,3902,7.25,Other,S,No
149,3,male,36.5,0,0,4001,22.525,Other,S,No
150,3,male,42,0,0,4001,22.525,Other,S,No
151,3,male,51,0,0,4001,22.525,Other,S,No
152,3,female,22,0,0,4134,9.5875,Other,S,Yes
153,3,female,55.5,0,0,4135,9.5875,Other,S,No
154,3,female,40.5,1,0,4136,9.825,Other,S,No
155,3,female,,1,0,4137,9.825,Other,S,No
156,3,female,51,0,0,4138,9.8417,Other,S,Yes
157,3,male,16,0,0,4348,9.35,Other,S,No
158,3,male,30,0,1,4579,8.4042,Other,S,No
159,3,male,,0,0,5547,7.55,Other,S,No
160,1,male,,0,0,5727,25.5875,E,S,No
161,1,male,44,1,0,5734,61.175,E,S,No
162,1,female,40,1,0,5734,61.175,E,S,Yes
163,1,male,26,1,1,5735,71,B,S,No
164,1,female,17,0,2,5735,71,B,S,Yes
165,3,male,1,0,0,6212,15.1,Other,S,No
166,3,male,9,0,0,6563,9.225,Other,S,No
167,3,female,,2,2,6608,34.375,Other,S,No
168,3,female,45,2,2,6608,34.375,Other,S,No
169,3,male,,2,2,6608,34.375,Other,S,No
170,3,male,28,1,3,6608,34.375,Other,S,No
171,3,female,61,1,3,6608,34.375,Other,S,No
172,3,male,4,0,0,7075,6.45,Other,S,No
173,3,male,1,0,0,7076,7.25,Other,S,No
174,3,female,21,0,0,7077,7.25,Other,S,Yes
175,3,male,56,0,0,7266,9.325,Other,S,No
176,3,male,18,0,0,7267,9.225,Other,S,No
177,3,male,,0,0,7534,9.8458,Other,S,No
178,3,male,50,0,0,7534,9.2167,Other,S,No
179,3,male,30,0,0,7538,9.225,Other,S,Yes
180,3,male,36,0,0,7540,8.6542,Other,S,No
181,3,male,,0,0,7545,9.4833,Other,S,No
182,3,female,,1,0,7546,9.475,Other,S,No
183,3,female,9,0,0,7548,8.9625,Other,S,Yes
184,3,female,1,0,0,7552,10.5167,Other,S,No
185,3,female,4,0,0,7553,9.8375,Other,S,No
186,3,male,,0,0,7598,8.05,Other,S,Yes
187,3,male,,0,0,8471,8.3625,Other,S,No
188,3,male,45,0,0,8475,8.4333,Other,S,No
189,3,female,40,0,0,9232,7.75,Other,Q,No
190,3,female,36,1,1,9549,16.7,G,S,Yes
191,3,female,32,0,2,9549,16.7,G,S,Yes
192,3,female,19,1,1,9549,16.7,G,S,Yes
193,3,male,19,0,0,10482,8.05,Other,S,Yes
194,3,male,3,0,0,11206,8.05,Other,S,No
195,2,male,44,1,0,11668,21,Other,S,No
196,2,female,58,1,0,11668,21,Other,S,No
197,1,male,,1,1,11751,52.5542,D,S,Yes
198,1,female,42,1,1,11751,52.5542,D,S,Yes
199,1,female,,0,2,11752,26.2833,D,S,Yes
200,1,male,24,1,0,11753,52.5542,D,S,Yes
201,1,female,28,1,0,11753,52.5542,D,S,Yes
202,1,female,,1,0,11755,39.6,A,C,Yes
203,1,male,34,1,0,11765,55.4417,E,C,Yes
204,1,female,45.5,1,0,11765,55.4417,E,C,Yes
205,1,female,18,0,1,11767,83.1583,C,C,Yes
206,1,female,2,0,0,11767,83.1583,C,C,Yes
207,1,female,32,0,1,11767,83.1583,C,C,Yes
208,1,female,26,2,0,11769,51.4792,C,S,Yes
209,1,female,16,2,0,11769,51.4792,C,S,Yes
210,1,female,40,2,0,11770,25.7,C,S,Yes
211,1,male,24,0,0,11771,29.7,B,C,No
212,1,male,35,1,0,11778,55.4417,C,C,Yes
213,1,female,22,1,0,11778,55.4417,C,C,Yes
214,1,female,30,0,0,11813,76.2917,D,C,Yes
215,1,female,,0,0,11813,76.2917,D,C,Yes
216,1,male,31,1,0,11967,91.0792,B,C,Yes
217,1,female,27,1,0,11967,91.0792,B,C,Yes
218,2,male,42,0,0,12233,13,Other,S,No
219,1,male,32,1,1,12749,93.5,B,S,No
220,1,female,30,1,1,12749,93.5,B,S,Yes
221,1,male,16,0,0,12749,93.5,B,S,No
222,1,female,27,0,0,12749,93.5,B,S,Yes
223,1,male,51,1,0,12750,52,B,S,No
224,1,female,,1,2,12750,52,B,S,Yes
225,3,male,38,0,0,13032,7.7333,Other,Q,No
226,1,male,22,0,0,13049,40.125,A,C,No
227,1,male,19,0,0,13050,75.2417,C,C,No
228,1,male,20.5,0,0,13050,75.2417,C,C,No
229,1,male,18,0,0,13213,35.5,A,C,Yes
230,1,male,,0,0,13214,30.5,B,C,Yes
231,1,male,35,1,0,13236,57.75,C,C,Yes
232,1,female,29,1,0,13236,57.75,C,C,Yes
233,1,female,59,1,0,13502,77.9583,D,S,Yes
234,1,female,5,1,0,13502,77.9583,D,S,Yes
235,1,female,24,0,0,13502,77.9583,D,S,Yes
236,1,male,,1,0,13507,55.9,E,S,No
237,1,female,44,1,0,13507,55.9,E,S,Yes
238,1,male,8,1,0,13508,136.7792,C,C,No
239,1,female,19,1,0,13508,136.7792,C,C,Yes
240,1,male,33,0,0,13509,26.55,E,S,No
241,2,female,,0,0,13528,21,NA,S,Yes
242,2,female,,0,0,13528,21,NA,S,Yes
243,2,female,29,0,2,13529,26.25,Other,S,Yes
244,2,male,22,1,1,13529,26.25,Other,S,No
245,2,female,30,1,1,13529,26.25,Other,S,Yes
246,2,female,44,0,0,13531,10.5,Other,S,Yes
247,2,female,25,0,0,13534,21,Other,S,No
248,2,male,24,0,0,13540,10.5,Other,S,No
249,1,male,37,1,1,13567,79.2,B,C,Yes
250,1,female,54,1,1,13567,79.2,B,C,Yes
251,1,female,,0,2,13568,49.5,B,C,Yes
252,1,male,29,1,0,13695,60,C,S,No
253,1,female,62,1,0,13695,60,C,S,Yes
254,1,male,30,0,0,13905,26,Other,C,No
255,2,male,41,0,0,14208,10.5,Other,S,No
256,2,female,29,0,0,14258,10.5,Other,S,Yes
257,2,male,,0,0,14260,10.5,Other,S,Yes
258,2,male,30,0,0,14263,10.5,Other,S,No
259,2,female,35,0,0,14266,10.5,F,S,Yes
260,2,male,50,0,0,14879,73.5,Other,S,No
261,2,male,,0,0,14879,73.5,Other,S,No
262,2,male,3,0,0,14879,73.5,Other,S,No
263,2,male,52,2,0,14879,73.5,Other,S,No
264,2,male,40,2,0,14879,73.5,Other,S,No
265,2,male,,2,0,14879,73.5,Other,S,No
266,2,male,36,0,0,14879,73.5,Other,S,No
267,2,female,16,0,0,14885,10.5,Other,S,Yes
268,2,male,25,0,0,14888,10.5,Other,S,No
269,3,male,58,0,0,14973,8.05,Other,S,No
270,2,male,35,0,0,15185,10.5,Other,S,No
271,1,female,,0,0,16966,134.5,E,C,Yes
272,1,male,25,0,2,16966,134.5,E,C,Yes
273,1,male,41,1,1,16966,134.5,E,C,Yes
274,1,female,37,1,1,16966,134.5,E,C,Yes
275,1,female,,0,0,16966,134.5,E,C,Yes
276,2,male,63,0,0,17248,10.5,Other,S,No
277,3,male,45,0,1,17368,3.1708,Other,S,Yes
278,3,male,,0,0,17369,7.1417,Other,S,Yes
279,1,male,7,1,1,17421,110.8833,C,C,No
280,1,male,35,0,2,17421,110.8833,C,C,Yes
281,1,female,65,1,1,17421,110.8833,C,C,Yes
282,1,male,28,1,0,17453,89.1042,C,C,Yes
283,1,male,16,0,0,17463,51.8625,E,S,No
284,1,male,19,1,0,17464,51.8625,D,S,No
285,1,female,,0,0,17465,25.9292,D,S,Yes
286,1,female,33,0,0,17466,25.9292,D,S,Yes
287,1,male,30,0,0,17473,26.2875,E,S,Yes
288,1,male,22,1,0,17474,57,B,S,Yes
289,1,female,42,1,0,17474,57,B,S,Yes
290,1,male,22,0,0,17474,26.3875,E,S,Yes
291,1,male,26,0,0,17475,26.55,Other,S,No
292,1,male,19,0,0,17475,26.2875,E,S,Yes
293,1,male,36,0,0,17476,26.2875,E,S,Yes
294,1,female,24,0,0,17477,69.3,B,C,Yes
295,1,female,24,0,0,17477,69.3,B,C,Yes
296,1,female,,0,0,17482,49.5042,C,C,Yes
297,1,female,23.5,0,0,17483,221.7792,C,S,Yes
298,1,male,2,1,0,17483,221.7792,C,S,No
299,1,female,,1,0,17483,221.7792,C,S,No
300,1,male,50,1,0,17485,56.9292,A,C,Yes
301,1,female,,0,0,17485,56.9292,E,C,Yes
302,1,female,,0,0,17531,31.6792,A,C,No
303,1,male,19,0,1,17558,247.5208,B,C,No
304,1,female,,0,1,17558,247.5208,B,C,Yes
305,1,female,,1,1,17558,247.5208,B,C,Yes
306,1,male,0.92,0,0,17562,27.7208,D,C,No
307,1,female,,0,0,17569,146.5208,B,C,Yes
308,1,male,17,1,0,17569,146.5208,B,C,No
309,1,male,30,1,0,17572,76.7292,D,C,Yes
310,1,female,30,1,0,17572,76.7292,D,C,Yes
311,1,male,24,0,0,17572,76.7292,D,C,Yes
312,1,male,18,0,0,17580,29.7,A,C,No
313,1,male,26,0,1,17582,153.4625,C,S,No
314,1,female,28,0,1,17582,153.4625,C,S,Yes
315,1,female,43,0,0,17582,153.4625,C,S,Yes
316,1,male,26,0,0,17585,79.2,Other,C,No
317,1,male,24,0,0,17590,50.4958,A,S,No
318,1,male,54,0,0,17591,50.4958,B,C,No
319,1,female,31,0,1,17592,39.4,D,S,Yes
320,1,female,40,0,1,17592,39.4,D,S,Yes
321,1,male,22,0,0,17593,79.2,B,C,No
322,1,male,27,0,0,17593,79.2,B,C,No
323,1,male,30,0,0,17594,29.7,A,C,Yes
324,1,female,22,0,0,17595,28.7125,C,C,No
325,1,male,,0,1,17596,29.7,C,C,No
326,1,male,36,0,1,17597,61.3792,Other,C,No
327,1,male,61,0,1,17597,61.3792,Other,C,Yes
328,1,male,36,1,0,17599,71.2833,C,C,No
329,1,female,31,1,0,17599,71.2833,C,C,Yes
330,1,male,16,0,0,17601,27.7208,Other,C,No
331,1,male,,1,0,17603,59.4,Other,C,No
332,1,female,45.5,1,0,17603,59.4,Other,C,Yes
333,1,male,38,1,0,17604,82.1708,Other,C,No
334,1,female,16,0,0,17606,27.4458,Other,C,Yes
335,1,female,,0,0,17608,262.375,Other,C,Yes
336,1,female,,0,0,17608,262.375,B,C,Yes
337,1,male,29,2,2,17608,262.375,B,C,Yes
338,1,female,41,2,2,17608,262.375,B,C,Yes
339,1,female,45,2,2,17608,262.375,B,C,Yes
340,1,male,45,1,3,17608,262.375,B,C,No
341,1,female,2,1,3,17608,262.375,B,C,Yes
342,1,male,24,0,0,17609,49.5042,Other,C,No
343,1,female,28,0,0,17610,27.7208,B,C,Yes
344,1,male,25,2,0,17611,133.65,Other,S,Yes
345,1,female,36,0,0,17613,27.7208,A,C,Yes
346,1,male,24,0,0,17754,34.6542,A,C,No
347,1,male,40,0,1,17755,512.3292,B,C,Yes
348,1,female,,0,1,17755,512.3292,B,C,Yes
349,1,male,3,0,0,17755,512.3292,B,C,Yes
350,1,female,42,0,0,17755,512.3292,Other,C,Yes
351,1,female,23,1,1,17756,83.1583,E,C,Yes
352,1,male,,1,1,17756,83.1583,E,C,No
353,1,female,15,0,2,17756,83.1583,E,C,Yes
354,1,male,25,1,0,17757,227.525,C,C,No
355,1,female,,1,0,17757,227.525,C,C,Yes
356,1,female,28,0,0,17757,227.525,Other,C,Yes
357,1,female,22,0,0,17757,227.525,C,C,Yes
358,1,female,38,0,0,17758,108.9,C,C,Yes
359,1,male,,1,0,17758,108.9,C,C,No
360,1,female,,1,0,17758,108.9,C,C,Yes
361,1,male,40,0,1,17759,63.3583,D,C,Yes
362,1,female,29,0,1,17759,63.3583,D,C,Yes
363,1,female,45,0,0,17760,135.6333,C,S,Yes
364,1,male,35,0,0,17760,135.6333,NA,C,No
365,1,female,,0,0,17760,135.6333,C,C,Yes
366,1,female,30,0,0,17760,135.6333,C,C,Yes
367,1,male,60,1,0,17761,106.425,C,C,No
368,1,female,,1,0,17761,106.425,C,C,Yes
369,1,female,,0,0,17761,106.425,NA,C,Yes
370,1,male,24,0,0,17764,30.6958,A,C,No
371,1,male,25,1,0,17765,27.7208,D,C,Yes
372,3,male,18,0,0,18509,8.05,Other,S,No
373,2,male,19,0,0,18723,10.5,Other,S,No
374,1,female,22,0,0,19877,78.85,Other,S,Yes
375,1,male,3,1,0,19877,78.85,C,S,No
376,1,female,,1,0,19877,78.85,C,S,Yes
377,1,male,22,0,0,19924,26,Other,S,No
378,1,male,27,2,0,19928,90,C,Q,No
379,1,female,20,1,0,19928,90,C,Q,Yes
380,1,female,19,1,0,19928,90,C,Q,Yes
381,1,male,42,1,0,19943,90,C,S,Yes
382,1,female,1,1,0,19943,90,C,S,Yes
383,1,female,32,3,2,19950,263,C,S,Yes
384,1,female,35,3,2,19950,263,C,S,Yes
385,1,female,,3,2,19950,263,C,S,Yes
386,1,male,18,3,2,19950,263,C,S,No
387,1,male,1,1,4,19950,263,C,S,No
388,1,female,36,1,4,19950,263,C,S,Yes
389,1,male,,0,0,19952,26.55,E,S,Yes
390,1,male,17,0,0,19972,0,Other,S,No
391,1,male,36,1,0,19996,52,C,S,Yes
392,3,male,21,0,0,20589,8.05,Other,S,No
393,3,male,28,1,0,21171,7.25,Other,S,No
394,3,male,23,0,0,21172,7.25,Other,S,No
395,3,male,24,0,0,21173,7.25,Other,S,No
396,3,male,22,0,0,21174,7.25,Other,S,No
397,3,male,31,0,0,21175,7.25,Other,S,No
398,1,male,46,1,0,21228,82.2667,B,S,Yes
399,1,female,23,1,0,21228,82.2667,B,S,Yes
400,3,male,28,0,0,21332,7.7333,Other,Q,No
401,3,male,39,0,0,21440,8.05,Other,S,No
402,3,male,26,0,0,23568,8.05,Other,S,No
403,2,male,21,1,0,24065,26,Other,S,No
404,2,female,28,1,0,24065,26,Other,S,No
405,1,female,20,0,0,24160,211.3375,B,S,Yes
406,1,female,34,0,0,24160,211.3375,Other,S,Yes
407,1,female,51,0,1,24160,211.3375,B,S,Yes
408,1,female,3,0,1,24160,211.3375,B,S,Yes
409,2,male,21,0,0,24579,10.5,Other,S,No
410,2,male,,0,0,24580,10.5,Other,S,No
411,2,female,,1,1,26360,26,Other,S,Yes
412,2,female,,1,1,26360,26,Other,S,Yes
413,2,female,33,0,2,26360,26,Other,S,Yes
414,2,male,,1,0,26707,26,Other,S,No
415,2,female,44,1,0,26707,26,Other,S,Yes
416,1,male,,0,0,27042,30,A,S,Yes
417,2,female,34,0,0,27267,13,E,S,Yes
418,2,female,18,0,0,27849,13,Other,S,Yes
419,2,male,30,0,0,28004,10.5,Other,S,No
420,2,male,10,0,0,28034,10.5,Other,S,Yes
421,2,male,,1,0,28133,11.5,Other,S,No
422,2,male,21,1,0,28134,11.5,Other,S,No
423,2,male,29,0,0,28206,10.5,Other,S,No
424,2,male,28,0,0,28213,13,Other,S,No
425,2,male,18,0,2,28220,32.5,Other,S,Yes
426,2,male,,1,1,28220,32.5,Other,S,No
427,2,female,28,1,1,28220,32.5,Other,S,Yes
428,2,male,19,0,0,28221,13,Other,S,No
429,2,male,,0,0,28228,13,Other,S,No
430,2,male,32,0,0,28403,26,Other,S,No
431,2,male,28,0,0,28403,26,Other,S,No
432,2,female,,0,0,28404,13,Other,S,Yes
433,2,male,42,0,0,28424,13,Other,S,No
434,2,male,17,0,0,28425,13,Other,S,No
435,2,female,50,0,0,28551,13,D,S,Yes
436,2,male,14,1,0,28664,21,Other,S,No
437,2,male,21,1,0,28664,21,Other,S,No
438,2,male,24,0,0,28665,10.5,Other,S,No
439,2,male,64,1,0,28666,10.5,Other,S,No
440,2,male,31,0,0,29011,14,Other,S,No
441,2,male,45,1,0,29037,26,Other,S,No
442,2,female,20,1,0,29037,26,Other,S,No
443,2,male,25,1,1,29103,23,Other,S,Yes
444,2,female,28,1,1,29103,23,Other,S,Yes
445,2,female,,0,2,29103,23,Other,S,Yes
446,2,male,4,2,1,29104,11.5,Other,S,No
447,2,female,13,2,1,29105,23,Other,S,Yes
448,2,female,34,1,3,29105,23,Other,S,Yes
449,2,male,5,1,1,29106,18.75,Other,S,Yes
450,2,male,52,1,1,29106,18.75,Other,S,Yes
451,2,female,36,2,3,29106,18.75,Other,S,Yes
452,2,male,,0,0,29107,11.5,Other,S,No
453,2,male,30,0,0,29108,11.5,Other,S,No
454,2,male,49,0,0,29178,13,Other,S,No
455,2,female,,0,0,29395,10.5,F,S,Yes
456,2,male,29,0,0,29566,10.5,Other,S,No
457,2,female,65,0,2,29750,39,Other,S,Yes
458,2,male,,1,1,29750,39,Other,S,No
459,2,female,50,1,1,29750,39,Other,S,Yes
460,2,male,,0,0,29751,13,Other,S,No
461,3,female,48,0,0,30631,7.7333,Other,Q,No
462,2,male,34,0,0,30769,10.5,Other,S,No
463,2,female,47,0,0,31026,10.5,Other,S,Yes
464,2,male,48,1,0,31027,21,Other,S,No
465,2,female,,3,0,31027,21,Other,S,Yes
466,2,male,38,0,0,31028,10.5,Other,S,No
467,2,male,,0,0,31029,31.5,Other,S,No
468,2,male,56,2,0,31029,31.5,Other,S,No
469,2,male,,2,0,31029,31.5,Other,S,No
470,2,male,0.75,0,0,31030,10.5,Other,S,No
471,2,male,,1,0,31352,21,Other,S,No
472,2,female,38,0,0,31352,21,Other,S,Yes
473,3,female,33,0,0,31416,8.05,Other,S,Yes
474,2,female,23,0,0,31418,13,Other,S,Yes
475,2,female,22,0,2,31921,26.25,Other,S,Yes
476,2,male,,1,1,31921,26.25,Other,S,No
477,2,female,34,1,1,31921,26.25,Other,S,Yes
478,2,male,29,0,0,33111,10.5,Other,S,No
479,2,male,22,1,1,33112,36.75,Other,S,Yes
480,2,female,2,0,2,33112,36.75,Other,S,Yes
481,2,male,9,1,1,33112,36.75,Other,S,No
482,2,female,,0,0,33112,36.75,Other,S,Yes
483,2,female,50,0,0,33595,15.75,Other,S,Yes
484,2,female,63,0,0,33595,15.75,Other,S,Yes
485,1,male,25,1,1,33638,81.8583,A,S,Yes
486,1,male,,0,2,33638,81.8583,A,S,Yes
487,1,female,35,1,1,33638,81.8583,A,S,Yes
488,2,male,58,0,0,34050,10.5,Other,S,No
489,2,male,30,0,0,34068,10.5,Other,S,No
490,2,female,9,0,0,34218,10.5,E,S,Yes
491,2,female,,0,0,34260,10.5,F,S,Yes
492,2,male,21,0,0,34644,12.7375,Other,C,Yes
493,2,female,55,1,2,34651,27.75,Other,S,Yes
494,2,female,71,1,2,34651,27.75,Other,S,Yes
495,2,male,21,1,2,34651,27.75,Other,S,No
496,2,female,,1,2,34651,27.75,Other,S,Yes
497,1,female,54,1,0,35273,113.275,D,C,Yes
498,1,female,,1,0,35273,113.275,D,C,Yes
499,1,male,25,0,2,35273,113.275,D,C,No
500,1,male,24,0,1,35281,77.2875,D,S,No
501,1,male,17,0,1,35281,77.2875,D,S,No
502,3,female,21,0,0,35851,7.7333,Other,Q,Yes
503,3,male,,0,0,36864,7.7417,Other,Q,No
504,1,female,37,0,0,36928,164.8667,C,S,Yes
505,1,female,16,0,2,36928,164.8667,C,S,Yes
506,1,male,18,1,1,36928,164.8667,Other,S,No
507,1,female,33,1,1,36928,164.8667,Other,S,Yes
508,1,female,,1,0,36947,78.2667,D,C,Yes
509,1,female,28,1,0,36947,78.2667,D,C,Yes
510,1,male,26,0,0,36963,32.3208,D,S,No
511,1,male,29,0,0,36967,34.0208,D,S,No
512,1,male,,1,0,36973,83.475,C,S,No
513,1,female,36,1,0,36973,83.475,C,S,Yes
514,3,male,54,1,1,37671,15.9,Other,S,Yes
515,3,male,24,1,1,37671,15.9,Other,S,Yes
516,3,female,47,0,2,37671,15.9,Other,S,Yes
517,3,male,34,0,0,39886,7.8,Other,S,No
518,3,male,,0,0,45380,8.05,Other,S,No
519,3,male,36,2,0,48871,24.15,Other,S,No
520,3,male,32,2,0,48871,24.15,Other,S,No
521,3,male,30,0,0,48871,24.15,Other,S,No
522,3,male,22,2,0,48873,8.05,Other,S,No
523,3,male,,0,0,54636,16.1,Other,S,No
524,3,male,44,0,0,54636,16.1,Other,S,No
525,1,female,,0,0,110152,86.5,B,S,Yes
526,1,female,40.5,0,0,110152,86.5,B,S,Yes
527,1,female,50,0,0,110152,86.5,B,S,Yes
528,1,female,,0,2,110413,79.65,E,S,Yes
529,1,male,39,1,1,110413,79.65,E,S,No
530,1,female,23,1,1,110413,79.65,E,S,Yes
531,1,male,2,0,0,110465,52,C,S,No
532,1,male,,0,0,110469,26,C,S,No
533,1,male,17,0,0,110489,26.55,D,S,No
534,1,male,,0,0,110564,26.55,C,S,Yes
535,1,male,30,1,0,110813,75.25,D,C,No
536,1,female,7,1,0,110813,75.25,D,C,Yes
537,1,male,45,0,0,111240,33.5,B,S,No
538,1,male,30,0,0,111320,38.5,E,S,No
539,1,female,,0,1,111361,57.9792,B,C,Yes
540,1,female,22,0,1,111361,57.9792,B,C,Yes
541,1,male,36,0,0,111369,30,C,C,Yes
542,1,male,9,0,0,111426,26.55,Other,C,Yes
543,1,male,11,0,0,111428,26.55,Other,S,Yes
544,1,male,32,0,0,112050,0,A,S,No
545,1,female,50,0,0,112053,30,B,S,Yes
546,1,male,64,0,0,112058,0,B,S,Yes
547,1,male,19,0,0,112059,0,B,S,No
548,1,male,,0,0,112277,31,A,C,Yes
549,1,female,33,0,0,112377,27.7208,Other,C,Yes
550,1,female,8,0,1,112378,59.4,Other,C,Yes
551,1,female,17,0,1,112378,59.4,Other,C,Yes
552,1,female,27,1,1,112901,26.55,B,S,Yes
553,1,male,,0,0,113038,42.5,B,S,No
554,1,male,22,0,0,113043,28.5,C,S,No
555,1,male,22,0,0,113044,26,E,S,No
556,1,male,62,0,0,113050,26.55,B,S,No
557,1,male,48,0,0,113051,27.75,C,C,No
558,1,male,,0,0,113054,30.5,A,S,No
559,1,male,39,0,0,113055,26.55,E,S,Yes
560,1,male,36,0,0,113059,47.1,Other,S,No
561,1,male,,0,0,113059,47.1,Other,S,No
562,1,male,40,0,0,113501,30,D,S,No
563,1,female,28,0,0,113503,211.5,C,C,Yes
564,1,male,,0,0,113503,211.5,C,C,No
565,1,male,,1,1,113503,211.5,C,C,No
566,1,male,24,0,2,113503,211.5,C,C,No
567,1,female,19,1,1,113503,211.5,C,C,Yes
568,1,female,29,0,1,113505,55,E,S,Yes
569,1,female,,0,1,113509,61.9792,B,C,Yes
570,1,male,32,0,1,113509,61.9792,B,C,No
571,1,male,62,0,0,113514,26.55,C,S,No
572,1,female,53,0,0,113572,80,B,S,Yes
573,1,female,36,0,0,113572,80,B,S,Yes
574,1,male,,1,2,113760,120,B,S,Yes
575,1,female,16,1,2,113760,120,B,S,Yes
576,1,male,19,1,2,113760,120,B,S,Yes
577,1,female,34,1,2,113760,120,B,S,Yes
578,1,male,39,1,0,113773,53.1,D,S,No
579,1,female,,1,0,113773,53.1,D,S,Yes
580,1,male,32,1,0,113776,66.6,C,S,No
581,1,female,25,1,0,113776,66.6,C,S,Yes
582,1,male,39,0,0,113780,28.5,C,C,Yes
583,1,male,54,1,2,113781,151.55,C,S,Yes
584,1,female,36,1,2,113781,151.55,C,S,No
585,1,male,,1,2,113781,151.55,C,S,No
586,1,female,18,1,2,113781,151.55,C,S,No
587,1,female,47,0,0,113781,151.55,Other,S,Yes
588,1,female,60,0,0,113781,151.55,Other,S,Yes
589,1,female,22,0,0,113783,26.55,C,S,Yes
590,1,male,,0,0,113784,35.5,T,S,No
591,1,male,35,0,0,113786,30.5,C,S,Yes
592,1,male,52,0,0,113787,30.5,C,S,No
593,1,male,47,0,0,113788,35.5,A,S,Yes
594,1,male,,1,0,113789,52,Other,S,No
595,1,female,37,1,0,113789,52,Other,S,Yes
596,1,male,36,0,0,113790,26.55,Other,S,No
597,1,male,,0,0,113792,26.55,Other,S,No
598,1,male,49,0,0,113794,26.55,Other,S,Yes
599,1,female,,0,0,113795,26.55,Other,S,Yes
600,1,male,49,0,0,113796,42.4,Other,S,No
601,1,female,24,0,0,113798,31,Other,C,Yes
602,1,male,,0,0,113800,26.55,Other,S,No
603,1,male,,0,0,113801,45.5,Other,S,No
604,1,male,44,1,0,113803,53.1,C,S,No
605,1,female,35,1,0,113803,53.1,C,S,Yes
606,1,male,36,0,0,113804,30.5,Other,S,Yes
607,1,male,30,1,0,113806,53.1,E,S,Yes
608,1,female,27,1,0,113806,53.1,E,S,Yes
609,1,male,22,0,0,113807,26.55,Other,S,No
610,2,male,40,0,0,211535,13,Other,S,No
611,2,male,39,0,0,211536,13,Other,S,No
612,2,male,,0,0,218629,13.5,Other,S,No
613,2,male,,0,0,219533,12.35,Other,Q,No
614,2,male,,0,0,220367,13,Other,S,No
615,2,female,35,0,0,220844,13.5,Other,S,Yes
616,2,female,24,1,2,220845,65,Other,S,Yes
617,2,female,34,1,2,220845,65,Other,S,Yes
618,2,male,26,1,2,220845,65,Other,S,No
619,2,female,4,1,2,220845,65,Other,S,Yes
620,2,male,26,0,0,220845,65,Other,S,No
621,2,female,27,0,0,223596,13.5,Other,S,Yes
622,2,male,42,1,0,226875,26,Other,S,No
623,2,female,20,1,0,226875,26,Other,S,Yes
624,2,male,21,1,0,228414,26,Other,S,No
625,2,female,21,1,0,228414,26,Other,S,Yes
626,2,male,61,0,0,229236,13,Other,S,No
627,2,male,57,1,1,230080,26,F,S,Yes
628,2,male,21,1,1,230080,26,F,S,Yes
629,2,male,26,0,2,230080,26,F,S,No
630,2,male,,2,1,230136,39,F,S,Yes
631,2,female,80,2,1,230136,39,F,S,Yes
632,2,female,51,2,1,230136,39,F,S,Yes
633,2,female,32,0,3,230136,39,F,S,Yes
634,2,female,,0,1,230433,26,Other,S,Yes
635,2,female,9,0,1,230433,26,Other,S,Yes
636,2,female,28,0,0,230434,13,Other,S,Yes
637,2,female,32,0,1,231919,23,Other,S,Yes
638,2,female,31,0,1,231919,23,Other,S,Yes
639,2,male,41,0,0,231945,11.5,Other,S,No
640,2,male,,0,0,233478,13,Other,S,No
641,2,male,20,0,0,233639,13,Other,S,No
642,2,male,24,0,0,233734,12.35,Other,Q,No
643,2,male,2,0,0,233866,13,Other,S,No
644,2,male,,0,0,234360,13,Other,S,No
645,2,female,0.75,0,0,234604,13,Other,S,Yes
646,2,male,48,0,0,234686,13,Other,S,No
647,2,female,19,0,0,234818,12.35,Other,Q,Yes
648,2,male,56,0,0,235509,12.35,Other,Q,No
649,2,male,,0,0,236171,13,Other,S,No
650,2,female,23,0,0,236852,13,Other,S,Yes
651,2,female,,1,0,236853,26,Other,S,Yes
652,2,male,18,1,0,236853,26,Other,S,No
653,2,male,21,0,0,236854,13,Other,S,No
654,2,male,,0,0,237216,13.5,Other,S,No
655,2,female,18,0,0,237249,13,Other,S,No
656,2,male,24,0,0,237393,13,Other,S,No
657,2,male,,0,0,237442,13.5,Other,S,No
658,2,male,32,0,0,237565,15,Other,S,No
659,2,female,23,0,0,237668,13,Other,S,Yes
660,2,male,58,0,0,237670,13,Other,S,No
661,2,female,50,0,0,237671,13,Other,S,No
662,2,male,40,0,0,237734,15.0458,Other,C,No
663,2,male,47,1,0,237736,30.0708,Other,C,No
664,2,female,36,1,0,237736,30.0708,Other,C,Yes
665,2,female,20,1,1,237789,30,Other,S,Yes
666,2,female,32,0,2,237789,30,Other,S,Yes
667,2,male,25,0,0,237798,13,Other,S,Yes
668,2,male,,0,0,239059,16,Other,S,No
669,2,male,43,0,0,239865,26,Other,S,No
670,2,male,,0,0,239865,26,Other,S,No
671,2,male,40,0,0,240276,9.6875,Other,Q,No
672,2,female,31,0,0,240929,12.65,Other,S,Yes
673,2,male,70,0,0,242963,13,Other,S,No
674,2,male,31,1,0,243847,27,Other,S,No
675,2,female,,2,1,243847,27,Other,S,Yes
676,2,female,18,0,0,243880,13,Other,S,Yes
677,2,female,24.5,1,0,244252,26,Other,S,No
678,2,male,18,1,0,244252,26,Other,S,No
679,2,male,43,0,0,244270,13,Other,S,Yes
680,2,male,36,0,0,244278,10.5,Other,S,No
681,2,male,,0,0,244310,13,Other,S,No
682,2,male,27,0,0,244346,13,Other,S,No
683,2,male,20,0,0,244358,26,Other,S,No
684,2,male,14,0,0,244358,26,Other,S,No
685,2,male,60,0,0,244360,13,Other,S,No
686,2,male,25,0,0,244361,13,Other,S,No
687,2,male,14,1,0,244367,26,Other,S,No
688,2,female,19,1,0,244367,26,Other,S,Yes
689,2,male,18,0,0,244368,13,F,S,No
690,2,male,15,0,0,248659,13,Other,S,No
691,2,male,31,0,0,248698,13,D,S,Yes
692,2,female,4,0,0,248706,16,Other,S,Yes
693,2,male,,0,0,248723,13,Other,S,No
694,2,male,25,0,0,248726,13.5,Other,S,No
695,2,female,60,0,1,248727,33,Other,S,Yes
696,2,male,52,0,1,248727,33,Other,S,No
697,2,male,44,0,0,248731,13.5,Other,S,No
698,2,female,,0,0,248733,13,F,S,Yes
699,2,male,49,0,0,248734,13,F,S,No
700,2,male,42,0,2,248738,29,Other,S,Yes
701,2,male,18,1,1,248738,29,Other,S,Yes
702,2,female,35,1,1,248738,29,Other,S,Yes
703,2,male,18,0,0,248740,13,Other,S,No
704,2,male,25,0,0,248744,13,Other,S,No
705,2,male,26,0,0,248746,13,Other,S,No
706,2,female,39,0,0,248747,13,Other,S,No
707,2,male,45,0,0,250643,13,Other,S,No
708,2,female,42,0,1,250644,19.5,Other,S,Yes
709,2,female,22,0,1,250644,19.5,Other,S,Yes
710,2,male,,0,0,250646,13,Other,S,No
711,2,male,24,0,0,250647,13,Other,S,No
712,2,male,,0,0,250647,13,Other,S,No
713,2,female,48,0,0,250648,13,Other,S,Yes
714,2,male,29,1,1,250649,14.5,Other,S,Yes
715,2,female,52,0,2,250649,14.5,Other,S,Yes
716,2,female,19,1,1,250650,13,Other,S,No
717,2,female,38,1,1,250651,26,Other,S,No
718,2,male,27,1,1,250651,26,Other,S,No
719,2,female,,0,2,250652,13,Other,S,Yes
720,2,male,33,0,0,250653,13,Other,S,No
721,2,male,6,0,0,250655,26,Other,S,No
722,2,female,17,0,0,250655,26,Other,S,Yes
723,3,male,34,0,0,312992,7.775,Other,S,No
724,3,male,50,0,0,315082,7.875,Other,S,No
725,3,male,27,0,0,315083,8.6625,Other,S,No
726,3,female,20,0,0,315084,8.6625,Other,S,No
727,3,female,30,0,0,315085,8.6625,Other,S,No
728,3,male,,0,0,315086,8.6625,Other,S,No
729,3,female,25,0,0,315087,8.6625,Other,S,No
730,3,male,25,0,0,315088,8.6625,Other,S,No
731,3,male,29,0,0,315089,8.6625,Other,S,No
732,3,male,11,0,0,315090,8.6625,Other,S,No
733,3,male,,0,0,315091,8.6625,Other,S,No
734,3,male,23,0,0,315092,8.6625,Other,S,No
735,3,male,23,0,0,315093,8.6625,Other,S,No
736,3,male,28.5,0,0,315094,8.6625,Other,S,No
737,3,male,48,0,0,315095,8.6625,Other,S,No
738,3,female,35,0,0,315096,8.6625,Other,S,No
739,3,male,,0,0,315097,8.6625,Other,S,No
740,3,male,,0,0,315098,8.6625,Other,S,Yes
741,3,male,,2,0,315151,8.6625,Other,S,No
742,3,female,36,2,0,315152,8.6625,Other,S,No
743,3,female,21,0,2,315153,22.025,Other,S,Yes
744,3,male,24,3,1,315153,22.025,Other,S,Yes
745,3,female,31,1,1,315153,22.025,Other,S,Yes
746,3,male,70,0,0,315154,8.6625,Other,S,No
747,3,male,16,0,0,323951,8.05,Other,S,No
748,3,male,30,0,0,324669,8.05,Other,S,No
749,3,female,19,0,0,329944,7.2833,Other,Q,No
750,3,female,31,0,0,330844,7.8792,Other,Q,No
751,3,male,4,0,0,330910,7.8792,Other,Q,No
752,3,male,6,0,0,330911,7.8292,Other,Q,No
753,3,male,33,0,0,330920,7.8208,Other,Q,Yes
754,3,female,23,0,0,330923,8.0292,Other,Q,Yes
755,3,female,48,0,0,330958,7.8792,Other,Q,Yes
756,3,female,0.67,0,0,330963,7.8792,Other,Q,No
757,3,female,28,0,0,330972,7.6292,Other,Q,No
758,3,female,18,0,0,334914,7.725,Other,Q,Yes
759,3,male,34,0,0,335097,7.75,Other,Q,No
760,3,male,33,0,0,336439,7.75,Other,Q,No
761,3,male,,0,0,341826,8.05,Other,S,No
762,3,male,41,0,0,342441,8.05,Other,S,No
763,3,male,20,0,0,342684,8.05,Other,S,No
764,3,male,36,0,0,342826,8.05,Other,S,No
765,3,female,16,0,0,343120,7.65,Other,S,Yes
766,3,male,51,0,0,343275,8.05,Other,S,No
767,3,male,,0,0,343276,8.05,Other,S,No
768,3,male,30.5,0,0,345364,6.2375,Other,S,No
769,3,male,,0,0,345501,7.775,Other,S,Yes
770,3,male,32,1,0,345572,17.4,Other,S,Yes
771,3,female,24,1,0,345572,17.4,Other,S,Yes
772,3,male,48,3,0,345763,18,Other,S,No
773,3,female,57,1,0,345763,18,Other,S,No
774,3,female,,2,0,345764,18,Other,S,No
775,3,male,54,2,0,345764,18,Other,S,No
776,3,male,18,0,0,345765,9,Other,S,No
777,3,male,,0,0,345767,9,Other,S,No
778,3,male,5,0,0,345768,9.5,Other,S,Yes
779,3,male,,0,0,345769,9.5,Other,S,No
780,3,male,43,0,0,345770,9.5,Other,S,No
781,3,male,13,0,0,345771,9.5,Other,S,No
782,3,female,17,0,2,345773,24.15,Other,S,No
783,3,male,29,1,1,345773,24.15,Other,S,No
784,3,female,,1,1,345773,24.15,Other,S,No
785,3,male,25,0,0,345774,9.5,Other,S,Yes
786,3,male,25,0,0,345775,9.5,Other,S,No
787,3,male,18,0,0,345778,9.5,Other,S,No
788,3,male,8,0,0,345779,9.5,Other,S,Yes
789,3,male,1,0,0,345780,9.5,Other,S,No
790,3,male,46,0,0,345781,9.5,Other,S,No
791,3,male,,0,0,345783,9.5,Other,S,No
792,3,female,16,0,1,347054,10.4625,G,S,No
793,3,female,,1,1,347054,10.4625,G,S,No
794,3,male,,0,0,347060,7.775,Other,S,No
795,3,male,25,0,0,347061,6.975,Other,S,No
796,3,male,39,0,0,347062,7.775,Other,S,No
797,3,male,49,0,0,347063,7.775,Other,S,No
798,3,male,31,0,0,347064,7.75,Other,S,No
799,3,male,30,0,0,347065,7.775,Other,S,No
800,3,female,30,0,0,347066,7.775,Other,S,Yes
801,3,male,34,0,0,347067,7.775,Other,S,No
802,3,male,31,0,0,347068,7.775,Other,S,No
803,3,male,11,0,0,347069,7.775,Other,S,No
804,3,male,0.42,0,0,347070,7.775,Other,S,Yes
805,3,female,27,0,0,347071,7.775,Other,S,No
806,3,male,31,1,0,347072,13.9,Other,S,No
807,3,female,39,1,0,347072,13.9,Other,S,Yes
808,3,female,18,0,0,347073,7.75,Other,S,No
809,3,male,39,0,0,347074,7.775,Other,S,No
810,3,male,33,0,0,347075,7.775,Other,S,No
811,3,male,26,1,0,347076,7.775,Other,S,No
812,3,male,39,4,2,347077,31.3875,Other,S,No
813,3,male,35,4,2,347077,31.3875,Other,S,No
814,3,male,6,4,2,347077,31.3875,Other,S,Yes
815,3,male,30.5,4,2,347077,31.3875,Other,S,No
816,3,female,,4,2,347077,31.3875,Other,S,Yes
817,3,male,23,1,5,347077,31.3875,Other,S,No
818,3,female,31,1,5,347077,31.3875,Other,S,Yes
819,3,male,43,0,0,347078,7.75,Other,S,No
820,3,male,10,0,0,347079,7.775,Other,S,Yes
821,3,male,52,0,2,347080,14.4,Other,S,No
822,3,male,27,1,1,347080,14.4,Other,S,No
823,3,female,38,1,1,347080,14.4,Other,S,No
824,3,female,27,0,0,347081,7.75,Other,S,Yes
825,3,male,2,4,2,347082,31.275,Other,S,No
826,3,female,,4,2,347082,31.275,Other,S,No
827,3,female,,4,2,347082,31.275,Other,S,No
828,3,female,1,4,2,347082,31.275,Other,S,No
829,3,female,,4,2,347082,31.275,Other,S,No
830,3,male,62,1,5,347082,31.275,Other,S,No
831,3,female,15,1,5,347082,31.275,Other,S,No
832,3,male,0.83,1,0,347083,7.775,Other,S,Yes
833,3,female,,0,0,347085,7.775,Other,S,Yes
834,3,female,23,0,0,347086,7.775,Other,S,No
835,3,female,18,0,0,347087,7.775,Other,S,No
836,3,male,39,3,2,347088,27.9,Other,S,No
837,3,male,21,3,2,347088,27.9,Other,S,No
838,3,female,,3,2,347088,27.9,Other,S,No
839,3,female,32,3,2,347088,27.9,Other,S,No
840,3,male,,1,4,347088,27.9,Other,S,No
841,3,female,20,1,4,347088,27.9,Other,S,No
842,3,male,16,0,0,347089,6.975,Other,S,Yes
843,3,male,30,0,0,347090,7.75,Other,S,No
844,3,female,34.5,4,2,347091,7.775,Other,S,No
845,3,male,17,0,0,347464,7.8542,Other,S,No
846,3,male,42,0,0,347465,7.8542,Other,S,No
847,3,male,,0,0,347466,7.8542,Other,S,No
848,3,male,35,0,0,347467,7.8542,Other,S,No
849,3,male,28,0,0,347468,7.8542,Other,S,No
850,3,female,,0,0,347469,7.8542,Other,S,Yes
851,3,female,4,0,0,347470,7.8542,Other,S,Yes
852,3,female,74,0,0,347471,7.8542,Other,S,No
853,3,male,9,1,1,347742,11.1333,Other,S,Yes
854,3,female,16,1,1,347742,11.1333,Other,S,Yes
855,3,female,44,0,2,347742,11.1333,Other,S,Yes
856,3,male,18,0,0,347743,7.0542,Other,S,No
857,3,male,45,0,0,348121,7.65,F,S,No
858,3,male,51,0,0,348122,7.65,F,S,Yes
859,3,male,24,0,0,348123,7.65,F,S,No
860,3,male,,0,0,348124,7.65,F,S,No
861,3,female,41,0,0,348125,7.65,Other,S,Yes
862,3,male,21,0,0,349202,7.8958,Other,S,No
863,3,male,48,0,0,349203,7.8958,Other,S,No
864,3,male,,0,0,349204,7.8958,Other,S,No
865,3,male,24,0,0,349205,7.8958,Other,S,No
866,3,male,42,0,0,349206,7.8958,Other,S,No
867,3,male,27,0,0,349207,7.8958,Other,S,No
868,3,male,31,0,0,349209,7.4958,Other,S,No
869,3,male,,0,0,349210,7.4958,Other,S,No
870,3,male,4,0,0,349211,7.8958,Other,S,No
871,3,male,26,0,0,349212,7.8958,Other,S,No
872,3,male,47,0,0,349213,7.8958,Other,C,No
873,3,male,33,0,0,349219,7.8958,Other,S,No
874,3,male,47,0,0,349224,7.8958,Other,S,No
875,3,male,28,0,0,349226,7.8958,Other,S,No
876,3,male,15,0,0,349228,10.1708,Other,S,No
877,3,male,20,0,0,349229,7.8958,Other,S,No
878,3,male,19,0,0,349230,7.8958,Other,S,No
879,3,male,,0,0,349231,7.8958,Other,S,No
880,3,male,56,0,0,349232,7.8958,Other,S,No
881,3,male,25,0,0,349233,7.8958,Other,S,No
882,3,female,33,0,0,349236,8.85,Other,S,No
883,3,male,22,1,0,349237,17.8,Other,S,No
884,3,female,28,1,0,349237,17.8,Other,S,No
885,3,male,25,0,0,349239,8.6625,Other,C,No
886,3,male,39,0,0,349240,7.8958,Other,C,Yes
887,3,male,27,0,0,349241,7.8958,Other,C,No
888,3,male,19,0,0,349242,7.8958,Other,S,No
889,3,male,,0,0,349243,7.8958,Other,S,No
890,3,female,26,0,0,349244,8.6833,Other,S,Yes
891,3,female,32,0,0,349245,7.8958,Other,S,No
892,3,male,30,0,0,349246,7.8958,Other,S,No
893,3,male,36,0,0,349247,7.8958,Other,S,No
894,3,male,26,0,0,349248,7.8958,Other,S,No
895,3,male,38,0,0,349249,7.8958,Other,S,No
896,3,male,25,0,0,349250,7.8958,Other,S,No
897,3,male,40,0,0,349251,7.8958,Other,S,No
898,3,male,22,0,0,349252,7.8958,Other,S,No
899,3,female,4,0,1,349256,13.4167,NA,C,Yes
900,3,male,39,0,1,349256,13.4167,NA,C,Yes
901,3,male,33,0,0,349257,7.8958,Other,S,No
902,3,male,2,3,1,349909,21.075,Other,S,No
903,3,male,6,3,1,349909,21.075,Other,S,No
904,3,female,3,3,1,349909,21.075,Other,S,No
905,3,female,8,3,1,349909,21.075,Other,S,No
906,3,female,29,0,4,349909,21.075,Other,S,No
907,3,male,36,1,0,349910,15.55,Other,S,No
908,3,female,30,1,0,349910,15.55,Other,S,No
909,3,male,24,0,0,349911,7.775,Other,S,No
910,3,male,18,0,0,349912,7.775,Other,S,No
911,3,male,26,1,0,350025,7.8542,Other,S,No
912,3,male,41,2,0,350026,14.1083,Other,S,No
913,3,female,45,1,0,350026,14.1083,Other,S,Yes
914,3,male,21,0,0,350029,7.8542,Other,S,No
915,3,male,25,0,0,350033,7.7958,Other,S,Yes
916,3,male,21,0,0,350034,7.7958,Other,S,Yes
917,3,male,24,0,0,350035,7.7958,Other,S,No
918,3,male,18,0,0,350036,7.7958,Other,S,No
919,3,male,28,0,0,350042,7.7958,Other,S,No
920,3,male,27,0,0,350043,7.7958,Other,S,Yes
921,3,male,22,0,0,350045,7.7958,Other,S,No
922,3,female,19,1,0,350046,7.8542,Other,S,Yes
923,3,male,48,0,0,350047,7.8542,Other,S,No
924,3,male,17,1,0,350048,7.0542,Other,S,No
925,3,male,20,0,0,350050,7.8542,Other,S,No
926,3,male,22,0,0,350052,7.7958,Other,S,No
927,3,male,21,0,0,350053,7.7958,Other,S,Yes
928,3,male,23,0,0,350054,7.7958,Other,S,Yes
929,3,male,22,0,0,350060,7.5208,Other,S,No
930,3,male,32,0,0,350403,7.5792,Other,S,Yes
931,3,male,18,1,1,350404,7.8542,Other,S,No
932,3,female,1,1,1,350405,12.1833,Other,S,No
933,3,female,36,0,2,350405,12.1833,Other,S,No
934,3,female,14,0,0,350406,7.8542,Other,S,No
935,3,female,31,0,0,350407,7.8542,Other,S,No
936,3,male,27,0,0,350408,7.8542,Other,S,No
937,3,male,24,0,0,350409,7.8542,Other,S,No
938,3,male,21,0,0,350410,7.8542,Other,S,No
939,3,male,20,0,0,350416,7.8542,Other,S,No
940,3,male,32,0,0,350417,7.8542,Other,S,Yes
941,3,male,19,0,0,358585,14.5,Other,S,No
942,3,female,47,1,0,363272,7,Other,S,Yes
943,3,male,9,0,2,363291,20.525,Other,S,Yes
944,3,male,33,1,1,363291,20.525,Other,S,No
945,3,female,31,1,1,363291,20.525,Other,S,Yes
946,3,male,34,0,0,363294,8.05,Other,S,No
947,3,male,44,0,0,363592,8.05,Other,S,No
948,3,male,28,0,0,363611,8.05,Other,S,No
949,3,male,30.5,0,0,364499,8.05,Other,S,No
950,3,male,59,0,0,364500,7.25,Other,S,No
951,3,male,34,0,0,364506,8.05,Other,S,No
952,3,male,44,0,0,364511,8.05,Other,S,No
953,3,male,35,0,0,364512,8.05,Other,S,No
954,3,female,30,0,0,364516,12.475,Other,S,Yes
955,3,female,5,0,0,364516,12.475,Other,S,Yes
956,3,female,21,0,0,364846,7.75,Other,Q,No
957,3,male,40,1,1,364849,15.5,Other,Q,No
958,3,female,32,1,1,364849,15.5,Other,Q,No
959,3,female,30.5,0,0,364850,7.75,Other,Q,No
960,3,male,21,0,0,364858,7.75,Other,Q,No
961,3,male,19,0,0,365222,6.75,Other,Q,No
962,3,female,18,0,0,365226,6.75,Other,Q,No
963,3,female,16,0,0,367231,7.75,Other,Q,Yes
964,3,male,40.5,0,0,367232,7.75,Other,Q,No
965,3,female,37,0,0,368364,7.75,Other,Q,No
966,3,female,24,0,0,368702,7.75,Other,Q,No
967,3,male,32,0,0,369943,8.05,Other,S,No
968,3,female,2,1,1,370129,20.2125,Other,S,No
969,3,male,18,1,1,370129,20.2125,Other,S,No
970,3,female,41,0,2,370129,20.2125,Other,S,No
971,3,male,70.5,0,0,370369,7.75,Other,Q,No
972,3,female,22,0,0,370373,7.75,Other,Q,Yes
973,3,male,32,0,0,370376,7.75,Other,Q,No
974,3,male,24,0,0,371109,7.25,Other,Q,No
975,3,female,17,0,1,371362,16.1,Other,S,Yes
976,3,male,,0,1,371362,16.1,Other,S,No
977,3,male,35,0,0,373450,8.05,Other,S,No
978,3,male,25,0,0,374887,7.25,Other,S,No
979,3,male,24,1,0,376566,16.1,Other,S,No
980,3,female,19,1,0,376566,16.1,Other,S,No
981,3,female,30,0,0,382650,6.95,Other,Q,Yes
982,3,male,29,0,0,382651,7.75,Other,Q,Yes
983,3,male,10,4,1,382652,29.125,Other,Q,No
984,3,male,4,4,1,382652,29.125,Other,Q,No
985,3,male,7,4,1,382652,29.125,Other,Q,No
986,3,male,2,4,1,382652,29.125,Other,Q,No
987,3,male,8,4,1,382652,29.125,Other,Q,No
988,3,female,39,0,5,382652,29.125,Other,Q,No
989,3,female,24,0,0,382653,7.75,Other,Q,Yes
990,3,male,25,0,0,392076,7.05,Other,S,No
991,3,male,32,0,0,392078,8.05,E,S,Yes
992,3,female,23,0,0,392083,8.05,Other,S,Yes
993,3,male,16,0,0,392089,8.05,Other,S,Yes
994,3,male,30,0,0,392090,8.05,Other,S,No
995,3,male,0.83,0,1,392091,9.35,Other,S,Yes
996,3,female,18,0,1,392091,9.35,Other,S,Yes
997,3,male,28,0,0,392095,7.25,Other,S,No
998,3,male,6,0,1,392096,12.475,E,S,Yes
999,3,female,27,0,1,392096,12.475,E,S,Yes
1000,3,male,38.5,0,0,3101262,7.25,Other,S,No
1001,3,male,,0,0,3101263,7.85,Other,S,No
1002,3,male,34,0,0,3101264,6.4958,Other,S,No
1003,3,female,18,0,0,3101265,7.4958,Other,S,Yes
1004,3,male,21,1,0,3101266,6.4958,Other,S,No
1005,3,male,18,1,0,3101267,6.4958,Other,S,No
1006,3,female,27,1,0,3101270,7.925,Other,S,No
1007,3,female,25,1,0,3101271,7.925,Other,S,No
1008,3,male,41,0,0,3101272,7.125,Other,S,No
1009,3,male,37,2,0,3101276,7.925,Other,S,No
1010,3,male,28,2,0,3101277,7.925,Other,S,No
1011,3,male,32,1,0,3101278,15.85,Other,S,No
1012,3,female,33,3,0,3101278,15.85,Other,S,Yes
1013,3,male,28,1,0,3101279,15.85,Other,S,No
1014,3,female,24,1,0,3101279,15.85,Other,S,Yes
1015,3,female,17,4,2,3101281,7.925,Other,S,Yes
1016,3,female,26,0,0,3101282,7.925,Other,S,Yes
1017,3,female,27,0,0,3101283,7.925,Other,S,Yes
1018,3,male,20,0,0,3101284,7.925,Other,S,Yes
1019,3,male,20,0,0,3101287,7.925,Other,S,No
1020,3,female,23,0,0,3101290,7.925,Other,S,No
1021,3,male,1,4,1,3101295,39.6875,Other,S,No
1022,3,male,7,4,1,3101295,39.6875,Other,S,No
1023,3,male,2,4,1,3101295,39.6875,Other,S,No
1024,3,male,16,4,1,3101295,39.6875,Other,S,No
1025,3,male,,4,1,3101295,39.6875,Other,S,No
1026,3,female,41,0,5,3101295,39.6875,Other,S,No
1027,3,female,22,0,0,3101295,39.6875,Other,S,No
1028,3,male,39,0,0,3101296,7.925,Other,S,No
1029,3,female,29,0,0,3101297,7.925,Other,S,No
1030,3,female,2,0,1,3101298,12.2875,Other,S,Yes
1031,3,female,22,1,1,3101298,12.2875,Other,S,Yes
1032,3,male,38,0,0,3101306,7.05,Other,S,No
1033,3,male,20,0,0,3101307,7.05,Other,S,No
1034,3,male,23,0,0,3101309,7.05,Other,S,No
1035,3,male,35,0,0,3101310,7.05,Other,S,No
1036,3,male,24,0,0,3101311,7.05,Other,S,No
1037,3,male,25,0,0,3101312,7.05,Other,S,No
1038,3,male,0.75,1,1,3101315,13.775,Other,S,No
1039,3,female,3,1,1,3101315,13.775,Other,S,No
1040,3,female,26,0,2,3101315,13.775,Other,S,No
1041,3,male,21,0,0,3101317,7.25,Other,S,No
